Name,gene.y,category,seed_ortholog,ps_covsmono_wt_l2fc,ps_covsmono_wt_padj,ps_covsmono_mt_l2fc,ps_covsmono_mt_padj,ps_co_mtvswt_l2fc,ps_co_mtvswt_padj
Pm92_001056,algA,biofilm,PFLU_0979,-4.224259378329646,1.5245368835589498e-44,-1.043788214476072,2.2363259553828454e-4,3.1804711638535736,2.3988994861571e-25
Pm92_001065,alg44,biofilm,PFLU_0988,-4.34133882038802,4.297872017388818e-15,NA,NA,4.420225318471014,1.8203125026140734e-15
Pm92_001292,wspA,biofilm,PFLU_1219,-2.0112516901134816,2.2019509702689217e-18,NA,NA,1.504236222621277,1.7422719601948896e-10
Pm92_001293,wspB,biofilm,PFLU_1220,-1.8902371745748832,0.001120868667950349,NA,NA,2.1411579913021246,2.5442731144507334e-4
Pm92_001295,wspD,biofilm,PFLU_1222,-1.5032312225502273,0.030796862109213292,NA,NA,NA,NA
Pm92_001296,wspE,biofilm,PFLU_1223,-2.8374136678432613,2.532405722536273e-15,NA,NA,2.6011873639459657,8.863792570529991e-13
Pm92_001298,wspR,biofilm,PFLU_1225,-1.4846327535986215,3.3313164703368244e-6,NA,NA,1.0089976250284292,0.002706948100362031
Pm92_001983,-,biofilm,PFLU_1837,-1.2577639121312891,1.2700522137271586e-4,NA,NA,NA,NA
Pm92_002085,pslK,biofilm,PFLU_2072,-2.3652317520954087,1.1584841786326257e-21,NA,NA,2.1517356624020825,7.212068040512581e-18
Pm92_002086,pslJ,biofilm,PFLU_2073,-1.6297975377847813,4.036732772183253e-6,NA,NA,1.715885024111581,1.437033873159263e-6
Pm92_002087,pslI,biofilm,PFLU_2074,-2.788226087851162,8.88906323572927e-21,NA,NA,2.3107073271597534,2.943196645975696e-14
Pm92_002088,pslH,biofilm,PFLU_2075,-2.3094314536769054,2.0215069560999318e-13,NA,NA,2.158945330537202,1.1695531989560741e-11
Pm92_002089,pslG,biofilm,PFLU_2076,-3.3117030755982846,2.6529632556804925e-14,NA,NA,3.049621453216191,4.615040036124473e-12
Pm92_002090,-,biofilm,PFLU_2077,-2.2782574213041498,7.229782556426668e-12,NA,NA,2.160047956354065,1.4697135110729186e-10
Pm92_002091,pslE,biofilm,PFLU_2078,-2.872258961072999,3.1759849161910424e-33,NA,NA,2.2877741895038692,4.843999167192556e-21
Pm92_002092,-,biofilm,PFLU_2079,-1.2991886122682264,1.907382286074406e-7,NA,NA,NA,NA
Pm92_002093,rfbN,biofilm,PFLU_2080,-1.8921336726117954,2.5343924542102966e-10,NA,NA,1.6149670117288413,1.3778882172830852e-7
Pm92_002094,manC,biofilm,PFLU_2081,-1.5086217438170946,5.3838979923347684e-11,NA,NA,1.090597090836302,4.7360632949226945e-6
Pm92_002095,pslA,biofilm,PFLU_2082,-1.3235943944353987,9.427050358193022e-7,NA,NA,NA,NA
Pm92_002676,-,biofilm,PFLU_2764,-1.533186243753241,4.037837393913968e-9,NA,NA,1.3874653597654578,1.6490573602545655e-7
Pm92_003576,barA,biofilm,PFLU_3777,-1.0791972182510519,8.02883442673698e-4,NA,NA,NA,NA
Pm92_003858,-,biofilm,PFLU_4057,1.3185068392798776,0.0032498006548728623,NA,NA,NA,NA
Pm92_004478,hptB,biofilm,PFLU_4431,-2.537397530956257,0.041852168930595034,NA,NA,NA,NA
Pm92_004479,rsbU,biofilm,PFLU_4432,-1.64739892023683,5.250598737736884e-11,NA,NA,1.4168232980818438,2.9988099220418817e-8
Pm92_004480,rsbV,biofilm,PFLU_4433,-2.2923742989709184,3.11890918577799e-15,NA,NA,1.8231302153657984,8.236152744134478e-10
Pm92_005286,yfiN,biofilm,PFLU_5210,1.256867029875008,1.5040524793793135e-5,NA,NA,-1.3711381418036366,4.770276662140423e-6
Pm92_005469,ladS,biofilm,PFLU_5398,1.0342702803374004,1.1349749994541568e-5,NA,NA,-1.0566731966321865,1.135742451302172e-5
Pm92_005642,trpE,biofilm,PFLU_5561,-1.6589093263533352,7.187444305951255e-9,NA,NA,1.4474603599916993,8.257887454533114e-7
Pm92_005828,chpA,biofilm,PFLU_5748,-1.2788297049935626,1.1059634415766729e-6,NA,NA,1.3825451194981107,1.7862094498100487e-7
Pm92_005829,pilJ,biofilm,PFLU_5749,-1.2860268025419412,6.581940554338545e-7,NA,NA,1.227756773576254,3.1218513302811887e-6
Pm92_006088,ppkA,biofilm,PFLU_6010,-2.7991400057042144,5.203509638253414e-35,NA,NA,2.7168310737815626,1.0608012986133372e-32
Pm92_006089,pppA,biofilm,PFLU_6011,-2.1423945240592195,0.0013633314779482508,NA,NA,2.2502479722703552,9.20382193593176e-4
Pm92_006090,impM,biofilm,PFLU_6012,-1.937817859442547,2.283381731514213e-7,NA,NA,1.8892036855388548,7.12619194045076e-7
Pm92_006091,icmF,biofilm,PFLU_6013,-2.9365661539475703,2.633388743443183e-40,NA,NA,2.770451392687687,1.485584030971041e-35
Pm92_006093,impJ2,biofilm,PFLU_6015,-2.7121077052610167,1.3106429659455122e-13,NA,NA,2.432136604652482,6.388196777070153e-11
Pm92_006096,-,biofilm,PFLU_6018,-4.14857572245773,3.4069255011817174e-49,NA,NA,3.6652639919599834,3.61834935468167e-38
Pm92_006098,impC,biofilm,PFLU_6020,-4.183010564463199,1.121343557536858e-62,NA,NA,4.086278818883421,2.155974778490491e-59
Pm92_006099,hcp,biofilm,PFLU_6021,-4.582764309620399,2.5353951416806035e-63,NA,NA,4.106274097852545,1.0567591410779905e-50
Pm92_006102,impH2,biofilm,PFLU_6024,-4.089630132003993,7.024800228548028e-25,NA,NA,3.9655798970517244,3.2659419248206193e-23
Pm92_006103,clpV,biofilm,PFLU_6025,-3.0273650174951756,2.1684951647231753e-35,NA,NA,2.8710802324163818,1.5262120260839417e-31
NA,NA,biofilm,PFLU_5750,NA,NA,NA,NA,NA,NA
NA,NA,biofilm,PFLU_5747,NA,NA,NA,NA,NA,NA
NA,NA,biofilm,PFLU_5751,NA,NA,NA,NA,NA,NA
NA,NA,biofilm,PFLU_5752,NA,NA,NA,NA,NA,NA
NA,NA,biofilm,PFLU_0497,NA,NA,NA,NA,NA,NA
NA,NA,biofilm,PFLU_3573,NA,NA,NA,NA,NA,NA
NA,NA,biofilm,PFLU_5556,NA,NA,NA,NA,NA,NA
NA,NA,biofilm,PFLU_0192,NA,NA,NA,NA,NA,NA
NA,NA,biofilm,PFLU_2255,NA,NA,NA,NA,NA,NA
NA,NA,biofilm,PFLU_1528,NA,NA,NA,NA,NA,NA
NA,NA,biofilm,PFLU_4443,NA,NA,NA,NA,NA,NA
NA,NA,biofilm,PFLU_1386,NA,NA,NA,NA,NA,NA
NA,NA,biofilm,PFLU_5689,NA,NA,NA,NA,NA,NA
NA,NA,biofilm,PFLU_1434,NA,NA,NA,NA,NA,NA
NA,NA,biofilm,PFLU_1384,NA,NA,NA,NA,NA,NA
NA,NA,biofilm,PFLU_1385,NA,NA,NA,NA,NA,NA
NA,NA,biofilm,PFLU_5560,NA,NA,NA,NA,NA,NA
NA,NA,biofilm,PFLU_0610,NA,NA,NA,NA,NA,NA
NA,NA,biofilm,PFLU_2189,NA,NA,NA,NA,NA,NA
NA,NA,biofilm,PFLU_4746,NA,NA,NA,NA,NA,NA
NA,NA,biofilm,PFLU_4165,NA,NA,NA,NA,NA,NA
NA,NA,biofilm,PFLU_4324,NA,NA,NA,NA,NA,NA
NA,NA,biofilm,PFLU_1736,NA,NA,NA,NA,NA,NA
NA,NA,biofilm,PFLU_4736,NA,NA,NA,NA,NA,NA
NA,NA,biofilm,PFLU_4417,NA,NA,NA,NA,NA,NA
NA,NA,biofilm,PFLU_3543,NA,NA,NA,NA,NA,NA
NA,NA,biofilm,PFLU_3544,NA,NA,NA,NA,NA,NA
NA,NA,biofilm,PFLU_6017,NA,NA,NA,NA,NA,NA
NA,NA,biofilm,PFLU_3548,NA,NA,NA,NA,NA,NA
NA,NA,biofilm,PFLU_6019,NA,NA,NA,NA,NA,NA
NA,NA,biofilm,PFLU_3034,NA,NA,NA,NA,NA,NA
NA,NA,biofilm,PFLU_3547,NA,NA,NA,NA,NA,NA
NA,NA,biofilm,PFLU_3550,NA,NA,NA,NA,NA,NA
NA,NA,biofilm,PFLU_1224,NA,NA,NA,NA,NA,NA
NA,NA,biofilm,PFLU_3760,NA,NA,NA,NA,NA,NA
NA,NA,biofilm,PFLU_2753,NA,NA,NA,NA,NA,NA
NA,NA,biofilm,PFLU_1349,NA,NA,NA,NA,NA,NA
NA,NA,biofilm,PFLU_1081,NA,NA,NA,NA,NA,NA
NA,NA,biofilm,PFLU_1114,NA,NA,NA,NA,NA,NA
NA,NA,biofilm,PFLU_3130,NA,NA,NA,NA,NA,NA
NA,NA,biofilm,PFLU_4858,NA,NA,NA,NA,NA,NA
NA,NA,biofilm,PFLU_2071,NA,NA,NA,NA,NA,NA
NA,NA,biofilm,PFLU_5749,NA,NA,NA,NA,NA,NA
NA,NA,biofilm,PFLU_5748,NA,NA,NA,NA,NA,NA
NA,NA,biofilm,PFLU_5561,NA,NA,NA,NA,NA,NA
NA,NA,biofilm,PFLU_3777,NA,NA,NA,NA,NA,NA
NA,NA,biofilm,PFLU_5398,NA,NA,NA,NA,NA,NA
NA,NA,biofilm,PFLU_1837,NA,NA,NA,NA,NA,NA
NA,NA,biofilm,PFLU_4431,NA,NA,NA,NA,NA,NA
NA,NA,biofilm,PFLU_4432,NA,NA,NA,NA,NA,NA
NA,NA,biofilm,PFLU_4433,NA,NA,NA,NA,NA,NA
NA,NA,biofilm,PFLU_6010,NA,NA,NA,NA,NA,NA
NA,NA,biofilm,PFLU_6011,NA,NA,NA,NA,NA,NA
NA,NA,biofilm,PFLU_6012,NA,NA,NA,NA,NA,NA
NA,NA,biofilm,PFLU_6013,NA,NA,NA,NA,NA,NA
NA,NA,biofilm,PFLU_6015,NA,NA,NA,NA,NA,NA
NA,NA,biofilm,PFLU_6018,NA,NA,NA,NA,NA,NA
NA,NA,biofilm,PFLU_6020,NA,NA,NA,NA,NA,NA
NA,NA,biofilm,PFLU_6021,NA,NA,NA,NA,NA,NA
NA,NA,biofilm,PFLU_4057,NA,NA,NA,NA,NA,NA
NA,NA,biofilm,PFLU_6024,NA,NA,NA,NA,NA,NA
NA,NA,biofilm,PFLU_6025,NA,NA,NA,NA,NA,NA
NA,NA,biofilm,PFLU_1219,NA,NA,NA,NA,NA,NA
NA,NA,biofilm,PFLU_1223,NA,NA,NA,NA,NA,NA
NA,NA,biofilm,PFLU_1220,NA,NA,NA,NA,NA,NA
NA,NA,biofilm,PFLU_1222,NA,NA,NA,NA,NA,NA
NA,NA,biofilm,PFLU_1225,NA,NA,NA,NA,NA,NA
NA,NA,biofilm,PFLU_5210,NA,NA,NA,NA,NA,NA
NA,NA,biofilm,PFLU_2764,NA,NA,NA,NA,NA,NA
NA,NA,biofilm,PFLU_2082,NA,NA,NA,NA,NA,NA
NA,NA,biofilm,PFLU_2081,NA,NA,NA,NA,NA,NA
NA,NA,biofilm,PFLU_2080,NA,NA,NA,NA,NA,NA
NA,NA,biofilm,PFLU_2079,NA,NA,NA,NA,NA,NA
NA,NA,biofilm,PFLU_2078,NA,NA,NA,NA,NA,NA
NA,NA,biofilm,PFLU_2077,NA,NA,NA,NA,NA,NA
NA,NA,biofilm,PFLU_2076,NA,NA,NA,NA,NA,NA
NA,NA,biofilm,PFLU_2075,NA,NA,NA,NA,NA,NA
NA,NA,biofilm,PFLU_2074,NA,NA,NA,NA,NA,NA
NA,NA,biofilm,PFLU_2073,NA,NA,NA,NA,NA,NA
NA,NA,biofilm,PFLU_2072,NA,NA,NA,NA,NA,NA
NA,NA,biofilm,PFLU_0988,NA,NA,NA,NA,NA,NA
Pm92_000202,-,biofilm,PFLU_0192,NA,NA,NA,NA,-1.0859552358590863,0.0020488642261675713
Pm92_004798,flgM,biofilm,PFLU_4736,NA,NA,NA,NA,-1.5641771189569522,2.025061893461378e-22
Pm92_000436,VPA0491,chemotaxis,PFLU_0380,-1.268013739846191,1.6861848429558933e-6,-1.1054185098598164,8.608834403178036e-6,NA,NA
Pm92_000525,-,chemotaxis,PFLU_0469,1.3997186058408284,0.020960295546268465,NA,NA,NA,NA
Pm92_000565,motB,chemotaxis,PFLU_0509,-1.932867307202554,4.5218652891398486e-8,NA,NA,1.3226397954353775,3.562448852039338e-4
Pm92_000904,dppA,chemotaxis,PFLU_0826,-3.3696786662460263,4.9376963993814835e-17,-1.0440607011128673,0.020879163822453337,2.3256179651331585,1.6430246569783286e-8
Pm92_000905,dppA,chemotaxis,PFLU_0827,-1.8842231556832791,7.722596729492925e-19,NA,NA,1.3455042149062229,7.930830537898978e-10
Pm92_002133,-,chemotaxis,PFLU_2123,-1.1669034455650493,5.094046212347202e-4,NA,NA,NA,NA
Pm92_002222,-,chemotaxis,PFLU_2266,1.0235711008526103,5.281430461307021e-7,NA,NA,NA,NA
Pm92_002312,-,chemotaxis,PFLU_2358,-2.2757861026546777,8.475261503590943e-8,NA,NA,2.1578181262825606,5.598485855664134e-7
Pm92_002446,tse3,chemotaxis,PFLU_2533,1.7970535412895738,8.621012278562625e-7,NA,NA,-1.3153996648871307,4.76554684613502e-4
Pm92_002623,VPA0491,chemotaxis,PFLU_2711,1.3610831280454914,8.894423186885172e-9,NA,NA,-1.1257513295709218,3.1716853866602865e-6
Pm92_002920,bdlA,chemotaxis,PFLU_3106,1.2103810210584354,3.24172128997594e-5,NA,NA,-1.0113451290270759,8.730666298401465e-4
Pm92_002921,bdlA,chemotaxis,PFLU_3106,1.2771874637763938,0.001821926163460764,NA,NA,-1.2116198954574675,0.004643109106730962
Pm92_003525,-,chemotaxis,PFLU_3727,1.2865465944345709,0.005937832198682091,NA,NA,NA,NA
Pm92_003797,rbsB,chemotaxis,PFLU_3996,2.210851637219834,6.61862684293705e-9,NA,NA,-1.499416126828078,1.1419262923306582e-4
Pm92_004454,-,chemotaxis,PFLU_4408,-1.6747026042651414,1.6458754109976218e-6,NA,NA,2.139249351450094,8.355598220461131e-10
Pm92_004457,motC,chemotaxis,PFLU_4411,-2.1168465762397433,4.490169316644295e-15,NA,NA,1.9688118774997578,6.894785385772005e-13
Pm92_004474,fliN,chemotaxis,PFLU_4427,-1.5001477191356014,0.003968368949102125,NA,NA,1.5595433243901968,0.0032608914991703835
Pm92_004475,fliM,chemotaxis,PFLU_4428,-1.5844648217302726,2.155092008829112e-6,NA,NA,1.8834177112956072,1.8689272840228093e-8
Pm92_004484,fliG,chemotaxis,PFLU_4438,-1.477270911757371,1.726261728650667e-6,NA,NA,1.9116936760864125,5.229749486377647e-10
Pm92_004890,bdlA,chemotaxis,PFLU_4819,-1.9307024355068068,1.35358593983099e-7,NA,NA,1.3297447147344368,5.648615162149879e-4
Pm92_005164,cheW-1,chemotaxis,PFLU_5091,-1.5218706640885733,1.1690740585685729e-4,NA,NA,NA,NA
Pm92_005169,-,chemotaxis,PFLU_5096,-1.195364496469533,3.751912719886327e-6,NA,NA,NA,NA
Pm92_006059,dppA1,chemotaxis,PFLU_5981,-1.1304377556959184,4.599262063988156e-4,NA,NA,NA,NA
NA,NA,chemotaxis,PFLU_3379,NA,NA,NA,NA,NA,NA
NA,NA,chemotaxis,PFLU_3388,NA,NA,NA,NA,NA,NA
NA,NA,chemotaxis,PFLU_5957,NA,NA,NA,NA,NA,NA
NA,NA,chemotaxis,PFLU_0800,NA,NA,NA,NA,NA,NA
NA,NA,chemotaxis,PFLU_0704,NA,NA,NA,NA,NA,NA
NA,NA,chemotaxis,PFLU_0117,NA,NA,NA,NA,NA,NA
NA,NA,chemotaxis,PFLU_1855,NA,NA,NA,NA,NA,NA
NA,NA,chemotaxis,PFLU_0447,NA,NA,NA,NA,NA,NA
NA,NA,chemotaxis,PFLU_0916,NA,NA,NA,NA,NA,NA
NA,NA,chemotaxis,PFLU_1438,NA,NA,NA,NA,NA,NA
NA,NA,chemotaxis,PFLU_1485,NA,NA,NA,NA,NA,NA
NA,NA,chemotaxis,PFLU_2295,NA,NA,NA,NA,NA,NA
NA,NA,chemotaxis,PFLU_2125,NA,NA,NA,NA,NA,NA
NA,NA,chemotaxis,PFLU_2262,NA,NA,NA,NA,NA,NA
NA,NA,chemotaxis,PFLU_2587,NA,NA,NA,NA,NA,NA
NA,NA,chemotaxis,PFLU_4783,NA,NA,NA,NA,NA,NA
NA,NA,chemotaxis,PFLU_4792,NA,NA,NA,NA,NA,NA
NA,NA,chemotaxis,PFLU_2808,NA,NA,NA,NA,NA,NA
NA,NA,chemotaxis,PFLU_4936,NA,NA,NA,NA,NA,NA
NA,NA,chemotaxis,PFLU_4125,NA,NA,NA,NA,NA,NA
NA,NA,chemotaxis,PFLU_4971,NA,NA,NA,NA,NA,NA
NA,NA,chemotaxis,PFLU_3351,NA,NA,NA,NA,NA,NA
NA,NA,chemotaxis,PFLU_5092,NA,NA,NA,NA,NA,NA
NA,NA,chemotaxis,PFLU_3358,NA,NA,NA,NA,NA,NA
NA,NA,chemotaxis,PFLU_5176,NA,NA,NA,NA,NA,NA
NA,NA,chemotaxis,PFLU_3047,NA,NA,NA,NA,NA,NA
NA,NA,chemotaxis,PFLU_5316,NA,NA,NA,NA,NA,NA
NA,NA,chemotaxis,PFLU_3962,NA,NA,NA,NA,NA,NA
NA,NA,chemotaxis,PFLU_0379,NA,NA,NA,NA,NA,NA
NA,NA,chemotaxis,PFLU_3059,NA,NA,NA,NA,NA,NA
NA,NA,chemotaxis,PFLU_3092,NA,NA,NA,NA,NA,NA
NA,NA,chemotaxis,PFLU_3427,NA,NA,NA,NA,NA,NA
NA,NA,chemotaxis,PFLU_4548,NA,NA,NA,NA,NA,NA
NA,NA,chemotaxis,PFLU_2496,NA,NA,NA,NA,NA,NA
NA,NA,chemotaxis,PFLU_4551,NA,NA,NA,NA,NA,NA
NA,NA,chemotaxis,PFLU_3409,NA,NA,NA,NA,NA,NA
NA,NA,chemotaxis,PFLU_3117,NA,NA,NA,NA,NA,NA
NA,NA,chemotaxis,PFLU_4160,NA,NA,NA,NA,NA,NA
NA,NA,chemotaxis,PFLU_0825,NA,NA,NA,NA,NA,NA
NA,NA,chemotaxis,PFLU_0823,NA,NA,NA,NA,NA,NA
NA,NA,chemotaxis,PFLU_5093,NA,NA,NA,NA,NA,NA
NA,NA,chemotaxis,PFLU_4414,NA,NA,NA,NA,NA,NA
NA,NA,chemotaxis,PFLU_4407,NA,NA,NA,NA,NA,NA
NA,NA,chemotaxis,PFLU_5095,NA,NA,NA,NA,NA,NA
NA,NA,chemotaxis,PFLU_4416,NA,NA,NA,NA,NA,NA
NA,NA,chemotaxis,PFLU_4415,NA,NA,NA,NA,NA,NA
NA,NA,chemotaxis,PFLU_3019,NA,NA,NA,NA,NA,NA
NA,NA,chemotaxis,PFLU_4413,NA,NA,NA,NA,NA,NA
NA,NA,chemotaxis,PFLU_5088,NA,NA,NA,NA,NA,NA
NA,NA,chemotaxis,PFLU_4733,NA,NA,NA,NA,NA,NA
NA,NA,chemotaxis,PFLU_0966,NA,NA,NA,NA,NA,NA
NA,NA,chemotaxis,PFLU_5314,NA,NA,NA,NA,NA,NA
NA,NA,chemotaxis,PFLU_4401,NA,NA,NA,NA,NA,NA
NA,NA,chemotaxis,PFLU_5089,NA,NA,NA,NA,NA,NA
NA,NA,chemotaxis,PFLU_3018,NA,NA,NA,NA,NA,NA
NA,NA,chemotaxis,PFLU_4732,NA,NA,NA,NA,NA,NA
NA,NA,chemotaxis,PFLU_5090,NA,NA,NA,NA,NA,NA
NA,NA,chemotaxis,PFLU_0508,NA,NA,NA,NA,NA,NA
NA,NA,chemotaxis,PFLU_4410,NA,NA,NA,NA,NA,NA
Pm92_000123,-,chemotaxis,PFLU_0117,NA,NA,-1.0763451580942982,0.0011623592947183378,NA,NA
NA,NA,chemotaxis,PFLU_2358,NA,NA,NA,NA,NA,NA
NA,NA,chemotaxis,PFLU_2123,NA,NA,NA,NA,NA,NA
NA,NA,chemotaxis,PFLU_2533,NA,NA,NA,NA,NA,NA
NA,NA,chemotaxis,PFLU_4819,NA,NA,NA,NA,NA,NA
NA,NA,chemotaxis,PFLU_5096,NA,NA,NA,NA,NA,NA
NA,NA,chemotaxis,PFLU_2711,NA,NA,NA,NA,NA,NA
NA,NA,chemotaxis,PFLU_3106,NA,NA,NA,NA,NA,NA
NA,NA,chemotaxis,PFLU_3727,NA,NA,NA,NA,NA,NA
NA,NA,chemotaxis,PFLU_3996,NA,NA,NA,NA,NA,NA
NA,NA,chemotaxis,PFLU_2266,NA,NA,NA,NA,NA,NA
NA,NA,chemotaxis,PFLU_0469,NA,NA,NA,NA,NA,NA
NA,NA,chemotaxis,PFLU_0827,NA,NA,NA,NA,NA,NA
NA,NA,chemotaxis,PFLU_5981,NA,NA,NA,NA,NA,NA
NA,NA,chemotaxis,PFLU_4408,NA,NA,NA,NA,NA,NA
NA,NA,chemotaxis,PFLU_5091,NA,NA,NA,NA,NA,NA
NA,NA,chemotaxis,PFLU_4438,NA,NA,NA,NA,NA,NA
NA,NA,chemotaxis,PFLU_4428,NA,NA,NA,NA,NA,NA
NA,NA,chemotaxis,PFLU_4427,NA,NA,NA,NA,NA,NA
NA,NA,chemotaxis,PFLU_4411,NA,NA,NA,NA,NA,NA
NA,NA,chemotaxis,PFLU_0509,NA,NA,NA,NA,NA,NA
Pm92_002842,cheR3,chemotaxis,PFLU_3018,NA,NA,NA,NA,1.0723774924153313,1.4062337819692466e-4
Pm92_002843,-,chemotaxis,PFLU_3019,NA,NA,NA,NA,1.0431235307406503,3.274307738191446e-4
Pm92_003763,VPA0491,chemotaxis,PFLU_3962,NA,NA,NA,NA,-1.0071666301915443,4.3685600890254006e-7
Pm92_004447,chev-2,chemotaxis,PFLU_4401,NA,NA,NA,NA,-1.0573129953820621,9.651491897003554e-5
NA,NA,chemotaxis,PFLU_0380,NA,NA,NA,NA,NA,NA
Pm92_000565,motB,flagellum,PFLU_0509,-1.932867307202554,4.5218652891398486e-8,NA,NA,1.3226397954353775,3.562448852039338e-4
Pm92_004457,motC,flagellum,PFLU_4411,-2.1168465762397433,4.490169316644295e-15,NA,NA,1.9688118774997578,6.894785385772005e-13
Pm92_004470,fliR,flagellum,PFLU_4423,-1.4426611183562619,0.0158821172183257,NA,NA,2.018022203492632,6.459534594448553e-4
Pm92_004473,fliO,flagellum,PFLU_4426,-1.2480852122660937,0.021178552048509446,NA,NA,1.7647048473863196,0.0010018171576185754
Pm92_004474,fliN,flagellum,PFLU_4427,-1.5001477191356014,0.003968368949102125,NA,NA,1.5595433243901968,0.0032608914991703835
Pm92_004475,fliM,flagellum,PFLU_4428,-1.5844648217302726,2.155092008829112e-6,NA,NA,1.8834177112956072,1.8689272840228093e-8
Pm92_004476,fliL,flagellum,PFLU_4429,-3.1175141522358354,3.2890039780815916e-8,NA,NA,3.3996991764822666,2.01832389041355e-9
Pm92_004482,fliI,flagellum,PFLU_4436,-1.850015576409398,1.1686562042905317e-12,NA,NA,2.4561645826086984,2.1751740477357136e-21
Pm92_004483,fliH,flagellum,PFLU_4437,-2.3110315906985175,1.8345853206321642e-8,NA,NA,2.778883667942692,1.2649813238072398e-11
Pm92_004484,fliG,flagellum,PFLU_4438,-1.477270911757371,1.726261728650667e-6,NA,NA,1.9116936760864125,5.229749486377647e-10
Pm92_004485,fliF,flagellum,PFLU_4439,-2.0050014558516747,1.084056966277249e-11,NA,NA,2.2400277306081446,3.683215214957615e-14
Pm92_004486,fliE,flagellum,PFLU_4440,-2.1326575310727502,9.32798438464905e-8,NA,NA,2.2932425235968337,1.2035605688075786e-8
Pm92_004494,fliC,flagellum,PFLU_4448,-1.9788458959047235,5.649355259630259e-10,-1.8989339910396283,5.5439774566803664e-8,NA,NA
Pm92_004497,flgK,flagellum,PFLU_4451,-2.8187266621948193,2.240355185317955e-35,NA,NA,2.9628874513386716,1.0901685876738865e-38
Pm92_004498,flgJ,flagellum,PFLU_4452,-2.560334963952859,2.0668787703884809e-16,NA,NA,2.916562722495574,8.176099416135585e-21
Pm92_004499,flgI,flagellum,PFLU_4453,-2.5666279784586683,1.46262076205465e-10,NA,NA,2.8097202252681424,2.9281883047867477e-12
Pm92_004502,flgF,flagellum,PFLU_4456,-2.329208656028595,1.170587195994722e-8,NA,NA,2.4880887970846035,1.4363214366937693e-9
Pm92_004791,flgE,flagellum,PFLU_4728,-1.0111495525895022,1.1155682694549644e-4,NA,NA,1.1056998835716914,2.9087252982446845e-5
Pm92_004792,flgD,flagellum,PFLU_4729,-1.6170397125303881,7.646964165290244e-5,NA,NA,2.076049650370022,3.4097295954979485e-7
NA,NA,flagellum,PFLU_4435,NA,NA,NA,NA,NA,NA
NA,NA,flagellum,PFLU_4430,NA,NA,NA,NA,NA,NA
NA,NA,flagellum,PFLU_5891,NA,NA,NA,NA,NA,NA
NA,NA,flagellum,PFLU_4425,NA,NA,NA,NA,NA,NA
NA,NA,flagellum,PFLU_4424,NA,NA,NA,NA,NA,NA
NA,NA,flagellum,PFLU_4420,NA,NA,NA,NA,NA,NA
NA,NA,flagellum,PFLU_4422,NA,NA,NA,NA,NA,NA
NA,NA,flagellum,PFLU_4734,NA,NA,NA,NA,NA,NA
NA,NA,flagellum,PFLU_4731,NA,NA,NA,NA,NA,NA
NA,NA,flagellum,PFLU_4730,NA,NA,NA,NA,NA,NA
NA,NA,flagellum,PFLU_4455,NA,NA,NA,NA,NA,NA
NA,NA,flagellum,PFLU_4454,NA,NA,NA,NA,NA,NA
NA,NA,flagellum,PFLU_4450,NA,NA,NA,NA,NA,NA
NA,NA,flagellum,PFLU_1155,NA,NA,NA,NA,NA,NA
NA,NA,flagellum,PFLU_4446,NA,NA,NA,NA,NA,NA
NA,NA,flagellum,PFLU_4445,NA,NA,NA,NA,NA,NA
NA,NA,flagellum,PFLU_4444,NA,NA,NA,NA,NA,NA
NA,NA,flagellum,PFLU_0508,NA,NA,NA,NA,NA,NA
NA,NA,flagellum,PFLU_4410,NA,NA,NA,NA,NA,NA
NA,NA,flagellum,PFLU_4736,NA,NA,NA,NA,NA,NA
NA,NA,flagellum,PFLU_4737,NA,NA,NA,NA,NA,NA
NA,NA,flagellum,PFLU_0246,NA,NA,NA,NA,NA,NA
NA,NA,flagellum,PFLU_5831,NA,NA,NA,NA,NA,NA
NA,NA,flagellum,PFLU_5592,NA,NA,NA,NA,NA,NA
NA,NA,flagellum,PFLU_4443,NA,NA,NA,NA,NA,NA
NA,NA,flagellum,PFLU_0882,NA,NA,NA,NA,NA,NA
NA,NA,flagellum,PFLU_4441,NA,NA,NA,NA,NA,NA
NA,NA,flagellum,PFLU_4417,NA,NA,NA,NA,NA,NA
Pm92_004490,-,flagellum,PFLU_4444,NA,NA,-1.1160174100572846,0.016515067844382857,NA,NA
Pm92_004491,fliS,flagellum,PFLU_4445,NA,NA,-1.104633646062047,0.0270979268405139,NA,NA
NA,NA,flagellum,PFLU_4440,NA,NA,NA,NA,NA,NA
NA,NA,flagellum,PFLU_4439,NA,NA,NA,NA,NA,NA
NA,NA,flagellum,PFLU_4438,NA,NA,NA,NA,NA,NA
NA,NA,flagellum,PFLU_4437,NA,NA,NA,NA,NA,NA
NA,NA,flagellum,PFLU_4436,NA,NA,NA,NA,NA,NA
NA,NA,flagellum,PFLU_4429,NA,NA,NA,NA,NA,NA
NA,NA,flagellum,PFLU_4428,NA,NA,NA,NA,NA,NA
NA,NA,flagellum,PFLU_4427,NA,NA,NA,NA,NA,NA
NA,NA,flagellum,PFLU_4426,NA,NA,NA,NA,NA,NA
NA,NA,flagellum,PFLU_4423,NA,NA,NA,NA,NA,NA
NA,NA,flagellum,PFLU_4729,NA,NA,NA,NA,NA,NA
NA,NA,flagellum,PFLU_4728,NA,NA,NA,NA,NA,NA
NA,NA,flagellum,PFLU_4456,NA,NA,NA,NA,NA,NA
NA,NA,flagellum,PFLU_4453,NA,NA,NA,NA,NA,NA
NA,NA,flagellum,PFLU_4452,NA,NA,NA,NA,NA,NA
NA,NA,flagellum,PFLU_4451,NA,NA,NA,NA,NA,NA
NA,NA,flagellum,PFLU_4411,NA,NA,NA,NA,NA,NA
NA,NA,flagellum,PFLU_0509,NA,NA,NA,NA,NA,NA
Pm92_001231,motY,flagellum,PFLU_1155,NA,NA,NA,NA,-1.222488157268301,3.6921567430036743e-6
Pm92_004472,fliP,flagellum,PFLU_4425,NA,NA,NA,NA,1.0496914220131626,0.0015276543836579436
Pm92_004477,fliK,flagellum,PFLU_4430,NA,NA,NA,NA,1.0730232681062886,1.2454425379911388e-5
Pm92_004500,flgH,flagellum,PFLU_4454,NA,NA,NA,NA,1.143950028361405,0.010047053457091884
Pm92_004793,flgC,flagellum,PFLU_4730,NA,NA,NA,NA,2.2154498914679714,0.0012715229326298535
Pm92_004798,flgM,flagellum,PFLU_4736,NA,NA,NA,NA,-1.5641771189569522,2.025061893461378e-22
NA,NA,flagellum,PFLU_4448,NA,NA,NA,NA,NA,NA
Pm92_000076,zur,quorum,PFLU_0075,2.3602410927677493,3.1974782132510496e-28,NA,NA,-1.8556648156276363,1.275964005362525e-17
Pm92_000396,secB,quorum,PFLU_0340,-5.220625578175746,3.5103458515288806e-27,NA,NA,4.251891353556222,4.288593063809213e-18
Pm92_001285,ydcU,quorum,PFLU_1211,1.4933783582285647,0.00449521591624795,NA,NA,NA,NA
Pm92_001286,ydcT,quorum,PFLU_1212,1.9203251329138589,2.7848644204890007e-7,NA,NA,-1.4264378496896448,2.1056053568906588e-4
Pm92_001287,-,quorum,PFLU_1213,1.287734217554219,1.866476558386375e-10,NA,NA,-1.061096802445623,2.613027983193257e-7
Pm92_001772,-,quorum,PFLU_1630,1.4012985644622606,2.0927124121855125e-10,NA,NA,NA,NA
Pm92_001774,-,quorum,PFLU_1632,-1.0328392440155856,0.028401738349187362,NA,NA,1.2006695071436169,0.012046823603100568
Pm92_001778,-,quorum,PFLU_1636,-2.1166832817239696,1.5930726492307608e-5,NA,NA,1.7084787362836356,7.812916922546299e-4
Pm92_001852,aroF,quorum,PFLU_1704,-2.855377478384486,7.69663434619537e-44,NA,NA,2.4168734316163722,3.4738406328377293e-31
Pm92_001989,-,quorum,PFLU_1843,2.51388945804614,4.225810844452018e-15,NA,NA,-1.8103789691865388,2.6215027410652226e-8
Pm92_002045,-,quorum,PFLU_2037,-2.825253162476649,0.018131417076797638,NA,NA,NA,NA
Pm92_002047,-,quorum,PFLU_2039,-2.005332377950424,2.8974241693623547e-6,NA,NA,1.1196955451015262,0.0153106107282434
Pm92_002234,-,quorum,PFLU_2278,3.278870152310895,1.8804671434123972e-47,NA,NA,-3.204456874949861,5.870305193961539e-42
Pm92_002235,-,quorum,PFLU_2279,1.0781918788003342,0.0018290000671146208,NA,NA,NA,NA
Pm92_002236,-,quorum,PFLU_2280,1.6298843888881782,6.85879448092174e-5,NA,NA,NA,NA
Pm92_002238,-,quorum,PFLU_2282,1.1920981670995112,0.01535810185823987,NA,NA,-1.1686324966171207,0.024407477944847947
Pm92_002239,-,quorum,PFLU_2283,3.5806498925225316,2.4791753139594577e-17,NA,NA,-4.845936746079011,1.1420901221750567e-16
Pm92_002294,-,quorum,PFLU_2340,3.57148422831478,1.333239235556322e-18,NA,NA,-2.6407069118170723,3.109926333672059e-11
Pm92_002296,-,quorum,PFLU_2342,3.06478277372157,5.840936124906653e-24,NA,NA,-2.509410740654504,3.031874325447475e-16
Pm92_002297,-,quorum,PFLU_2343,5.162487863453463,7.502164457868309e-81,NA,NA,-4.717959175938306,8.581063941324706e-67
Pm92_002410,-,quorum,PFLU_2462,1.5220938845995828,1.2378096263995804e-5,NA,NA,-1.0711609092487004,0.00319165392172498
Pm92_002764,ddpC,quorum,PFLU_2945,1.5665698645636899,0.0023796791722050046,NA,NA,NA,NA
Pm92_002941,qseC,quorum,PFLU_3127,-1.1558338285508667,0.016082003295936828,NA,NA,1.5643287608585126,0.001047991632988512
Pm92_003222,-,quorum,PFLU_3423,-1.4774079547879977,0.0013305412973308145,NA,NA,1.3373726683144949,0.0049923284096719395
Pm92_003653,-,quorum,PFLU_3854,1.891587156009377,7.697182264977972e-5,NA,NA,NA,NA
Pm92_003809,-,quorum,PFLU_4008,-3.701233678952101,2.2463645953372637e-36,NA,NA,3.2895301477913788,1.0017517118524565e-28
Pm92_003810,oprM,quorum,PFLU_4009,-4.191731932264195,2.685686506831407e-67,NA,NA,3.898430179893298,4.885904502075045e-58
Pm92_003846,-,quorum,PFLU_4045,-2.575550956438198,0.010121355413159018,NA,NA,NA,NA
Pm92_003918,oprM,quorum,PFLU_4118,1.1118054286319259,4.726390094274157e-4,NA,NA,NA,NA
Pm92_004899,fadD1,quorum,PFLU_4829,-1.1328112662474215,2.1798303439190194e-5,NA,NA,NA,NA
Pm92_005079,ffh,quorum,PFLU_5013,-2.385183633078722,4.013671842323587e-24,NA,NA,2.1385024156038743,2.511318531822454e-19
Pm92_005642,trpE,quorum,PFLU_5561,-1.6589093263533352,7.187444305951255e-9,NA,NA,1.4474603599916993,8.257887454533114e-7
Pm92_005646,potC2,quorum,PFLU_5565,-1.2658216971400886,0.006750826157947825,NA,NA,1.391245767200723,0.0033566694832856646
Pm92_005860,ftsY,quorum,PFLU_5780,-1.124696054986092,4.5983259785751424e-7,NA,NA,1.0257997286211245,6.607876742752833e-6
Pm92_006215,yidC,quorum,PFLU_6134,-3.283004857119511,2.722509684257076e-61,NA,NA,2.6646304411475374,4.721175783638261e-40
NA,NA,quorum,PFLU_0520,NA,NA,NA,NA,NA,NA
NA,NA,quorum,PFLU_1386,NA,NA,NA,NA,NA,NA
NA,NA,quorum,PFLU_1384,NA,NA,NA,NA,NA,NA
NA,NA,quorum,PFLU_1385,NA,NA,NA,NA,NA,NA
NA,NA,quorum,PFLU_5560,NA,NA,NA,NA,NA,NA
NA,NA,quorum,PFLU_5689,NA,NA,NA,NA,NA,NA
NA,NA,quorum,PFLU_1434,NA,NA,NA,NA,NA,NA
NA,NA,quorum,PFLU_1723,NA,NA,NA,NA,NA,NA
NA,NA,quorum,PFLU_2184,NA,NA,NA,NA,NA,NA
NA,NA,quorum,PFLU_5110,NA,NA,NA,NA,NA,NA
NA,NA,quorum,PFLU_4380,NA,NA,NA,NA,NA,NA
NA,NA,quorum,PFLU_3126,NA,NA,NA,NA,NA,NA
NA,NA,quorum,PFLU_4381,NA,NA,NA,NA,NA,NA
NA,NA,quorum,PFLU_1680,NA,NA,NA,NA,NA,NA
NA,NA,quorum,PFLU_5567,NA,NA,NA,NA,NA,NA
NA,NA,quorum,PFLU_3577,NA,NA,NA,NA,NA,NA
NA,NA,quorum,PFLU_1079,NA,NA,NA,NA,NA,NA
NA,NA,quorum,PFLU_2522,NA,NA,NA,NA,NA,NA
NA,NA,quorum,PFLU_2564,NA,NA,NA,NA,NA,NA
NA,NA,quorum,PFLU_1986,NA,NA,NA,NA,NA,NA
NA,NA,quorum,PFLU_2341,NA,NA,NA,NA,NA,NA
NA,NA,quorum,PFLU_3575,NA,NA,NA,NA,NA,NA
NA,NA,quorum,PFLU_3576,NA,NA,NA,NA,NA,NA
NA,NA,quorum,PFLU_2036,NA,NA,NA,NA,NA,NA
NA,NA,quorum,PFLU_2526,NA,NA,NA,NA,NA,NA
NA,NA,quorum,PFLU_1210,NA,NA,NA,NA,NA,NA
NA,NA,quorum,PFLU_5566,NA,NA,NA,NA,NA,NA
NA,NA,quorum,PFLU_2527,NA,NA,NA,NA,NA,NA
NA,NA,quorum,PFLU_5568,NA,NA,NA,NA,NA,NA
NA,NA,quorum,PFLU_2035,NA,NA,NA,NA,NA,NA
NA,NA,quorum,PFLU_2528,NA,NA,NA,NA,NA,NA
NA,NA,quorum,PFLU_3574,NA,NA,NA,NA,NA,NA
NA,NA,quorum,PFLU_3853,NA,NA,NA,NA,NA,NA
NA,NA,quorum,PFLU_0551,NA,NA,NA,NA,NA,NA
NA,NA,quorum,PFLU_1346,NA,NA,NA,NA,NA,NA
NA,NA,quorum,PFLU_3982,NA,NA,NA,NA,NA,NA
NA,NA,quorum,PFLU_2943,NA,NA,NA,NA,NA,NA
NA,NA,quorum,PFLU_3855,NA,NA,NA,NA,NA,NA
NA,NA,quorum,PFLU_3421,NA,NA,NA,NA,NA,NA
NA,NA,quorum,PFLU_0553,NA,NA,NA,NA,NA,NA
NA,NA,quorum,PFLU_1345,NA,NA,NA,NA,NA,NA
NA,NA,quorum,PFLU_3983,NA,NA,NA,NA,NA,NA
NA,NA,quorum,PFLU_0554,NA,NA,NA,NA,NA,NA
NA,NA,quorum,PFLU_1344,NA,NA,NA,NA,NA,NA
NA,NA,quorum,PFLU_3422,NA,NA,NA,NA,NA,NA
NA,NA,quorum,PFLU_3984,NA,NA,NA,NA,NA,NA
NA,NA,quorum,PFLU_3856,NA,NA,NA,NA,NA,NA
NA,NA,quorum,PFLU_3420,NA,NA,NA,NA,NA,NA
NA,NA,quorum,PFLU_0555,NA,NA,NA,NA,NA,NA
NA,NA,quorum,PFLU_1343,NA,NA,NA,NA,NA,NA
NA,NA,quorum,PFLU_3985,NA,NA,NA,NA,NA,NA
NA,NA,quorum,PFLU_0556,NA,NA,NA,NA,NA,NA
NA,NA,quorum,PFLU_1342,NA,NA,NA,NA,NA,NA
NA,NA,quorum,PFLU_3852,NA,NA,NA,NA,NA,NA
NA,NA,quorum,PFLU_3986,NA,NA,NA,NA,NA,NA
NA,NA,quorum,PFLU_3229,NA,NA,NA,NA,NA,NA
NA,NA,quorum,PFLU_4830,NA,NA,NA,NA,NA,NA
NA,NA,quorum,PFLU_3525,NA,NA,NA,NA,NA,NA
NA,NA,quorum,PFLU_5556,NA,NA,NA,NA,NA,NA
NA,NA,quorum,PFLU_0192,NA,NA,NA,NA,NA,NA
NA,NA,quorum,PFLU_2255,NA,NA,NA,NA,NA,NA
NA,NA,quorum,PFLU_1528,NA,NA,NA,NA,NA,NA
NA,NA,quorum,PFLU_5466,NA,NA,NA,NA,NA,NA
NA,NA,quorum,PFLU_5473,NA,NA,NA,NA,NA,NA
NA,NA,quorum,PFLU_1419,NA,NA,NA,NA,NA,NA
NA,NA,quorum,PFLU_2461,NA,NA,NA,NA,NA,NA
NA,NA,quorum,PFLU_1378,NA,NA,NA,NA,NA,NA
NA,NA,quorum,PFLU_4047,NA,NA,NA,NA,NA,NA
NA,NA,quorum,PFLU_2947,NA,NA,NA,NA,NA,NA
NA,NA,quorum,PFLU_2220,NA,NA,NA,NA,NA,NA
NA,NA,quorum,PFLU_4046,NA,NA,NA,NA,NA,NA
NA,NA,quorum,PFLU_2946,NA,NA,NA,NA,NA,NA
NA,NA,quorum,PFLU_2221,NA,NA,NA,NA,NA,NA
NA,NA,quorum,PFLU_2281,NA,NA,NA,NA,NA,NA
NA,NA,quorum,PFLU_2222,NA,NA,NA,NA,NA,NA
NA,NA,quorum,PFLU_1633,NA,NA,NA,NA,NA,NA
NA,NA,quorum,PFLU_1634,NA,NA,NA,NA,NA,NA
NA,NA,quorum,PFLU_2944,NA,NA,NA,NA,NA,NA
NA,NA,quorum,PFLU_4044,NA,NA,NA,NA,NA,NA
NA,NA,quorum,PFLU_2223,NA,NA,NA,NA,NA,NA
NA,NA,quorum,PFLU_1635,NA,NA,NA,NA,NA,NA
NA,NA,quorum,PFLU_5540,NA,NA,NA,NA,NA,NA
NA,NA,quorum,PFLU_5256,NA,NA,NA,NA,NA,NA
NA,NA,quorum,PFLU_5507,NA,NA,NA,NA,NA,NA
NA,NA,quorum,PFLU_5076,NA,NA,NA,NA,NA,NA
NA,NA,quorum,PFLU_4933,NA,NA,NA,NA,NA,NA
Pm92_003039,-,quorum,PFLU_3229,NA,NA,-1.2630677988458592,1.3434681918811576e-4,-1.1321747679008376,9.433433650409997e-5
NA,NA,quorum,PFLU_5561,NA,NA,NA,NA,NA,NA
NA,NA,quorum,PFLU_1704,NA,NA,NA,NA,NA,NA
NA,NA,quorum,PFLU_3127,NA,NA,NA,NA,NA,NA
NA,NA,quorum,PFLU_1630,NA,NA,NA,NA,NA,NA
NA,NA,quorum,PFLU_2343,NA,NA,NA,NA,NA,NA
NA,NA,quorum,PFLU_1213,NA,NA,NA,NA,NA,NA
NA,NA,quorum,PFLU_2039,NA,NA,NA,NA,NA,NA
NA,NA,quorum,PFLU_5565,NA,NA,NA,NA,NA,NA
NA,NA,quorum,PFLU_1211,NA,NA,NA,NA,NA,NA
NA,NA,quorum,PFLU_2037,NA,NA,NA,NA,NA,NA
NA,NA,quorum,PFLU_2342,NA,NA,NA,NA,NA,NA
NA,NA,quorum,PFLU_1212,NA,NA,NA,NA,NA,NA
NA,NA,quorum,PFLU_2340,NA,NA,NA,NA,NA,NA
NA,NA,quorum,PFLU_3423,NA,NA,NA,NA,NA,NA
NA,NA,quorum,PFLU_3854,NA,NA,NA,NA,NA,NA
NA,NA,quorum,PFLU_4829,NA,NA,NA,NA,NA,NA
NA,NA,quorum,PFLU_1843,NA,NA,NA,NA,NA,NA
NA,NA,quorum,PFLU_0075,NA,NA,NA,NA,NA,NA
NA,NA,quorum,PFLU_4008,NA,NA,NA,NA,NA,NA
NA,NA,quorum,PFLU_2462,NA,NA,NA,NA,NA,NA
NA,NA,quorum,PFLU_4118,NA,NA,NA,NA,NA,NA
NA,NA,quorum,PFLU_4009,NA,NA,NA,NA,NA,NA
NA,NA,quorum,PFLU_2278,NA,NA,NA,NA,NA,NA
NA,NA,quorum,PFLU_1636,NA,NA,NA,NA,NA,NA
NA,NA,quorum,PFLU_2280,NA,NA,NA,NA,NA,NA
NA,NA,quorum,PFLU_2279,NA,NA,NA,NA,NA,NA
NA,NA,quorum,PFLU_1632,NA,NA,NA,NA,NA,NA
NA,NA,quorum,PFLU_4045,NA,NA,NA,NA,NA,NA
NA,NA,quorum,PFLU_2945,NA,NA,NA,NA,NA,NA
NA,NA,quorum,PFLU_2282,NA,NA,NA,NA,NA,NA
NA,NA,quorum,PFLU_2283,NA,NA,NA,NA,NA,NA
NA,NA,quorum,PFLU_6134,NA,NA,NA,NA,NA,NA
NA,NA,quorum,PFLU_5780,NA,NA,NA,NA,NA,NA
NA,NA,quorum,PFLU_0340,NA,NA,NA,NA,NA,NA
NA,NA,quorum,PFLU_5013,NA,NA,NA,NA,NA,NA
Pm92_000202,-,quorum,PFLU_0192,NA,NA,NA,NA,-1.0859552358590863,0.0020488642261675713
Pm92_001417,braC,quorum,PFLU_1346,NA,NA,NA,NA,-1.0130101919237409,3.012071278313572e-5
Pm92_000396,secB,secretion,PFLU_0340,-5.220625578175746,3.5103458515288806e-27,NA,NA,4.251891353556222,4.288593063809213e-18
Pm92_000438,tatC,secretion,PFLU_0382,-2.0452522671112603,1.2176209415792642e-9,NA,NA,1.8031767164300423,1.5994983833764083e-7
Pm92_000547,tolC,secretion,PFLU_0491,-1.251746515463175,9.088700613102744e-7,NA,NA,NA,NA
Pm92_000785,hrcQ,secretion,PFLU_0714,1.4435071267805228,0.023782904810402468,NA,NA,NA,NA
Pm92_000787,hrcS,secretion,PFLU_0716,3.180471393988346,0.013961252232418609,NA,NA,NA,NA
Pm92_000792,hrcC,secretion,PFLU_0721,1.4562568972352246,1.198315146136559e-8,NA,NA,NA,NA
Pm92_000795,rspE,secretion,PFLU_0724,1.2098457260301914,2.9624240138464286e-4,NA,NA,-1.2801086386675562,2.1803027887952966e-4
Pm92_000797,hrcJ,secretion,PFLU_0726,1.0314265863764482,0.010253719532391183,NA,NA,-1.2497269909896267,0.002949108890478539
Pm92_002369,gspC,secretion,PFLU_2417,1.8780748190877317,0.00326572842533371,NA,NA,NA,NA
Pm92_002370,gspI,secretion,PFLU_2418,2.0669892837620867,0.014499383527541633,NA,NA,NA,NA
Pm92_002372,gspK,secretion,PFLU_2420,2.954252477573028,0.0019509350981686336,NA,NA,NA,NA
Pm92_002374,gspM,secretion,PFLU_2422,3.9686602883298496,0.001782211171463707,NA,NA,NA,NA
Pm92_003040,lspF,secretion,PFLU_3230,-2.336957607178141,1.3056424095948112e-7,NA,NA,2.2143431877236477,9.152853730691664e-7
Pm92_003041,hxcR,secretion,PFLU_3231,-1.1318310986184899,1.001203600366141e-4,NA,NA,1.2914814267474515,1.089160642024786e-5
Pm92_003042,xcsD,secretion,PFLU_3232,-2.140577384855187,4.8167703045941074e-11,NA,NA,2.055891633484237,4.799151324874085e-10
Pm92_003043,-,secretion,PFLU_3233,-1.4869807529161418,7.651675989681688e-4,NA,NA,1.10999103776568,0.017564159036834788
Pm92_003044,gspL,secretion,PFLU_3234,-4.687708689035118,2.5102872807596197e-11,NA,NA,4.714518470419564,2.6311989662518032e-11
Pm92_003045,hxcX,secretion,PFLU_3235,-2.1632076266577993,5.1061864195925e-15,NA,NA,1.7254204462737512,1.091149464277601e-9
Pm92_003046,gspG,secretion,PFLU_3236,-5.3403425398960325,4.2335938502780784e-16,NA,NA,4.631805875646321,3.3538477845472688e-12
Pm92_003047,xpsI,secretion,PFLU_3237,-1.3351554576640778,6.105101783669116e-6,NA,NA,1.242675180296639,4.2181599625063254e-5
Pm92_003049,-,secretion,PFLU_3239,-2.80555119956822,0.00487531979664043,NA,NA,2.2356215499035104,0.032751292190597234
Pm92_003050,-,secretion,PFLU_3240,-2.3184524187853124,0.025619507719057258,NA,NA,2.5276208146220434,0.01662231425766304
Pm92_003648,-,secretion,PFLU_3849,-1.9612084787085398,6.524574586162584e-9,NA,NA,1.996686209962741,4.844565576646653e-9
Pm92_003858,-,secretion,PFLU_4057,1.3185068392798776,0.0032498006548728623,NA,NA,NA,NA
Pm92_005079,ffh,secretion,PFLU_5013,-2.385183633078722,4.013671842323587e-24,NA,NA,2.1385024156038743,2.511318531822454e-19
Pm92_005140,secF,secretion,PFLU_5074,-1.1386325187022517,1.3020191799727926e-6,NA,NA,NA,NA
Pm92_005141,secD,secretion,PFLU_5075,-2.4014187305324697,5.590415468478898e-30,NA,NA,1.866946609355699,4.133230706789614e-18
Pm92_005860,ftsY,secretion,PFLU_5780,-1.124696054986092,4.5983259785751424e-7,NA,NA,1.0257997286211245,6.607876742752833e-6
Pm92_005944,gspE,secretion,PFLU_5867,1.4261234647264587,6.576200993177211e-10,NA,NA,NA,NA
Pm92_006088,ppkA,secretion,PFLU_6010,-2.7991400057042144,5.203509638253414e-35,NA,NA,2.7168310737815626,1.0608012986133372e-32
Pm92_006089,pppA,secretion,PFLU_6011,-2.1423945240592195,0.0013633314779482508,NA,NA,2.2502479722703552,9.20382193593176e-4
Pm92_006091,icmF,secretion,PFLU_6013,-2.9365661539475703,2.633388743443183e-40,NA,NA,2.770451392687687,1.485584030971041e-35
Pm92_006092,-,secretion,PFLU_6014,-2.6643016522406286,2.4794864362034804e-12,NA,NA,2.5996392615894806,1.3319833482059355e-11
Pm92_006094,vasD,secretion,PFLU_6016,-2.0402331810128804,9.430949237979231e-4,NA,NA,1.7233014506483897,0.007212904512643601
Pm92_006099,hcp,secretion,PFLU_6021,-4.582764309620399,2.5353951416806035e-63,NA,NA,4.106274097852545,1.0567591410779905e-50
Pm92_006103,clpV,secretion,PFLU_6025,-3.0273650174951756,2.1684951647231753e-35,NA,NA,2.8710802324163818,1.5262120260839417e-31
Pm92_006104,vgrG1,secretion,PFLU_6026,-3.6811894418582507,1.1648879793278034e-18,NA,NA,3.6704180664553516,2.4299266917277718e-18
Pm92_006215,yidC,secretion,PFLU_6134,-3.283004857119511,2.722509684257076e-61,NA,NA,2.6646304411475374,4.721175783638261e-40
NA,NA,secretion,PFLU_0712,NA,NA,NA,NA,NA,NA
NA,NA,secretion,PFLU_4606,NA,NA,NA,NA,NA,NA
NA,NA,secretion,PFLU_0715,NA,NA,NA,NA,NA,NA
NA,NA,secretion,PFLU_0717,NA,NA,NA,NA,NA,NA
NA,NA,secretion,PFLU_0718,NA,NA,NA,NA,NA,NA
NA,NA,secretion,PFLU_4070,NA,NA,NA,NA,NA,NA
NA,NA,secretion,PFLU_2423,NA,NA,NA,NA,NA,NA
NA,NA,secretion,PFLU_3238,NA,NA,NA,NA,NA,NA
NA,NA,secretion,PFLU_4079,NA,NA,NA,NA,NA,NA
NA,NA,secretion,PFLU_2425,NA,NA,NA,NA,NA,NA
NA,NA,secretion,PFLU_4078,NA,NA,NA,NA,NA,NA
NA,NA,secretion,PFLU_2419,NA,NA,NA,NA,NA,NA
NA,NA,secretion,PFLU_4077,NA,NA,NA,NA,NA,NA
NA,NA,secretion,PFLU_2416,NA,NA,NA,NA,NA,NA
NA,NA,secretion,PFLU_4076,NA,NA,NA,NA,NA,NA
NA,NA,secretion,PFLU_4075,NA,NA,NA,NA,NA,NA
NA,NA,secretion,PFLU_2415,NA,NA,NA,NA,NA,NA
NA,NA,secretion,PFLU_4074,NA,NA,NA,NA,NA,NA
NA,NA,secretion,PFLU_4073,NA,NA,NA,NA,NA,NA
NA,NA,secretion,PFLU_2421,NA,NA,NA,NA,NA,NA
NA,NA,secretion,PFLU_4072,NA,NA,NA,NA,NA,NA
NA,NA,secretion,PFLU_4080,NA,NA,NA,NA,NA,NA
NA,NA,secretion,PFLU_2424,NA,NA,NA,NA,NA,NA
NA,NA,secretion,PFLU_5540,NA,NA,NA,NA,NA,NA
NA,NA,secretion,PFLU_5256,NA,NA,NA,NA,NA,NA
NA,NA,secretion,PFLU_5507,NA,NA,NA,NA,NA,NA
NA,NA,secretion,PFLU_5076,NA,NA,NA,NA,NA,NA
NA,NA,secretion,PFLU_4933,NA,NA,NA,NA,NA,NA
NA,NA,secretion,PFLU_0384,NA,NA,NA,NA,NA,NA
NA,NA,secretion,PFLU_0383,NA,NA,NA,NA,NA,NA
NA,NA,secretion,PFLU_0453,NA,NA,NA,NA,NA,NA
NA,NA,secretion,PFLU_2105,NA,NA,NA,NA,NA,NA
NA,NA,secretion,PFLU_3550,NA,NA,NA,NA,NA,NA
NA,NA,secretion,PFLU_3544,NA,NA,NA,NA,NA,NA
NA,NA,secretion,PFLU_3545,NA,NA,NA,NA,NA,NA
NA,NA,secretion,PFLU_6017,NA,NA,NA,NA,NA,NA
NA,NA,secretion,PFLU_3543,NA,NA,NA,NA,NA,NA
NA,NA,secretion,PFLU_0491,NA,NA,NA,NA,NA,NA
NA,NA,secretion,PFLU_3849,NA,NA,NA,NA,NA,NA
NA,NA,secretion,PFLU_0721,NA,NA,NA,NA,NA,NA
NA,NA,secretion,PFLU_0726,NA,NA,NA,NA,NA,NA
NA,NA,secretion,PFLU_0716,NA,NA,NA,NA,NA,NA
NA,NA,secretion,PFLU_0714,NA,NA,NA,NA,NA,NA
NA,NA,secretion,PFLU_0724,NA,NA,NA,NA,NA,NA
NA,NA,secretion,PFLU_3232,NA,NA,NA,NA,NA,NA
NA,NA,secretion,PFLU_2417,NA,NA,NA,NA,NA,NA
NA,NA,secretion,PFLU_3230,NA,NA,NA,NA,NA,NA
NA,NA,secretion,PFLU_3236,NA,NA,NA,NA,NA,NA
NA,NA,secretion,PFLU_3239,NA,NA,NA,NA,NA,NA
NA,NA,secretion,PFLU_3237,NA,NA,NA,NA,NA,NA
NA,NA,secretion,PFLU_2418,NA,NA,NA,NA,NA,NA
NA,NA,secretion,PFLU_3240,NA,NA,NA,NA,NA,NA
NA,NA,secretion,PFLU_3235,NA,NA,NA,NA,NA,NA
NA,NA,secretion,PFLU_2420,NA,NA,NA,NA,NA,NA
NA,NA,secretion,PFLU_3234,NA,NA,NA,NA,NA,NA
NA,NA,secretion,PFLU_2422,NA,NA,NA,NA,NA,NA
NA,NA,secretion,PFLU_3233,NA,NA,NA,NA,NA,NA
NA,NA,secretion,PFLU_5867,NA,NA,NA,NA,NA,NA
NA,NA,secretion,PFLU_3231,NA,NA,NA,NA,NA,NA
NA,NA,secretion,PFLU_5075,NA,NA,NA,NA,NA,NA
NA,NA,secretion,PFLU_5074,NA,NA,NA,NA,NA,NA
NA,NA,secretion,PFLU_6134,NA,NA,NA,NA,NA,NA
NA,NA,secretion,PFLU_5780,NA,NA,NA,NA,NA,NA
NA,NA,secretion,PFLU_0340,NA,NA,NA,NA,NA,NA
NA,NA,secretion,PFLU_5013,NA,NA,NA,NA,NA,NA
NA,NA,secretion,PFLU_0382,NA,NA,NA,NA,NA,NA
NA,NA,secretion,PFLU_6026,NA,NA,NA,NA,NA,NA
NA,NA,secretion,PFLU_6021,NA,NA,NA,NA,NA,NA
NA,NA,secretion,PFLU_4057,NA,NA,NA,NA,NA,NA
NA,NA,secretion,PFLU_6016,NA,NA,NA,NA,NA,NA
NA,NA,secretion,PFLU_6013,NA,NA,NA,NA,NA,NA
NA,NA,secretion,PFLU_6014,NA,NA,NA,NA,NA,NA
NA,NA,secretion,PFLU_6025,NA,NA,NA,NA,NA,NA
NA,NA,secretion,PFLU_6010,NA,NA,NA,NA,NA,NA
NA,NA,secretion,PFLU_6011,NA,NA,NA,NA,NA,NA
Pm92_003878,xpsH,secretion,PFLU_4077,NA,NA,NA,NA,3.407535139073038,0.024181446017535514
Pm92_003880,xpsF,secretion,PFLU_4079,NA,NA,NA,NA,1.33443941791557,0.01310310789699001
Pm92_000001,dnaA,tcs,PFLU_0001,-1.0121559618622746,1.1658207912537032e-6,NA,NA,NA,NA
Pm92_000088,kinB,tcs,PFLU_0087,-2.024183652656829,1.7039479348762916e-8,NA,NA,2.1577678146496653,2.1418739871211012e-9
Pm92_000399,glnG,tcs,PFLU_0343,1.6002897044776911,1.2930266874844104e-6,NA,NA,-1.201191795150784,4.5065970902573684e-4
Pm92_000404,glnA,tcs,PFLU_0348,-1.2639039477346772,1.221831539122775e-5,NA,NA,NA,NA
Pm92_000436,VPA0491,tcs,PFLU_0380,-1.268013739846191,1.6861848429558933e-6,-1.1054185098598164,8.608834403178036e-6,NA,NA
Pm92_000547,tolC,tcs,PFLU_0491,-1.251746515463175,9.088700613102744e-7,NA,NA,NA,NA
Pm92_000755,silS,tcs,PFLU_0700,1.1729125796670463,0.03002459517161427,NA,NA,NA,NA
Pm92_000756,czcR,tcs,PFLU_0701,2.3371243229171696,4.891856921505167e-5,NA,NA,-1.2840791355507424,0.029370488409622572
Pm92_000907,regB,tcs,PFLU_0829,-2.6886991346294007,3.9237977886353495e-16,NA,NA,2.3691840720284447,1.6760533301369122e-12
Pm92_000920,petA,tcs,PFLU_0841,-2.154967112045624,2.4253920094917597e-31,NA,NA,1.9981071322435282,9.190040894091744e-27
Pm92_000922,petC,tcs,PFLU_0843,-1.7651521736273903,5.368946715654427e-13,NA,NA,1.5605066731001576,2.8174332677630784e-10
Pm92_001035,-,tcs,PFLU_0958,1.0722801562206783,1.1661803718967743e-6,NA,NA,NA,NA
Pm92_001036,IV02_24585,tcs,PFLU_0959,2.465346178033907,4.249288193219652e-25,NA,NA,-1.9787547710987023,2.3974045108539184e-16
Pm92_001067,algD,tcs,PFLU_0990,-3.0600704746088248,1.3569291821585729e-6,NA,NA,2.79644366525737,1.338709226351071e-5
Pm92_001095,-,tcs,PFLU_1018,1.0420233069256493,7.018061646170863e-5,NA,NA,-1.1313520399442494,2.57716248767684e-5
Pm92_001208,-,tcs,PFLU_1131,-1.0560590879979401,4.6759181032811434e-4,NA,NA,1.0484341260816283,6.859694473896606e-4
Pm92_001211,IV02_08980,tcs,PFLU_1134,-1.040713484410479,0.007837676099909504,NA,NA,NA,NA
Pm92_001212,-,tcs,PFLU_1135,-2.4067161067993466,6.980497582892854e-7,NA,NA,1.81795944018321,3.210533096765825e-4
Pm92_001213,gltL,tcs,PFLU_1136,-1.4398066158160143,1.0938485377429813e-6,NA,NA,NA,NA
Pm92_001215,gltJ,tcs,PFLU_1138,-1.3657209997193411,1.6302695741076567e-4,-1.0323363091298736,0.0041643470809415465,NA,NA
Pm92_001216,gltI,tcs,PFLU_1139,-4.129650929675642,9.430013661565116e-51,-1.1290964999625375,2.2018853344042737e-4,3.0005544297131044,5.009743547139689e-27
Pm92_001292,wspA,tcs,PFLU_1219,-2.0112516901134816,2.2019509702689217e-18,NA,NA,1.504236222621277,1.7422719601948896e-10
Pm92_001293,wspB,tcs,PFLU_1220,-1.8902371745748832,0.001120868667950349,NA,NA,2.1411579913021246,2.5442731144507334e-4
Pm92_001294,wspC,tcs,PFLU_1221,-2.0431129942864397,4.174326198279964e-4,NA,NA,1.7487512364411228,0.0036138051474760044
Pm92_001295,wspD,tcs,PFLU_1222,-1.5032312225502273,0.030796862109213292,NA,NA,NA,NA
Pm92_001296,wspE,tcs,PFLU_1223,-2.8374136678432613,2.532405722536273e-15,NA,NA,2.6011873639459657,8.863792570529991e-13
Pm92_001298,wspR,tcs,PFLU_1225,-1.4846327535986215,3.3313164703368244e-6,NA,NA,1.0089976250284292,0.002706948100362031
Pm92_001522,tctB,tcs,PFLU_1448,-4.037104069238754,0.00455192356692447,NA,NA,NA,NA
Pm92_001523,tctC,tcs,PFLU_1449,-1.201938763195982,0.002724515013325108,NA,NA,1.0990223774886334,0.007916973858137218
Pm92_001535,mucD,tcs,PFLU_1471,-1.3501296119420019,4.8316800143192065e-6,NA,NA,NA,NA
Pm92_001641,cusR,tcs,PFLU_1576,1.3796576646401641,1.4846826469281133e-4,NA,NA,NA,NA
Pm92_001747,-,tcs,PFLU_1605,1.0841771838783556,2.5635832701405743e-7,NA,NA,NA,NA
Pm92_001748,-,tcs,PFLU_1606,1.8871899952251396,7.549879057667864e-4,NA,NA,-1.5996933502692838,0.006539141775408074
Pm92_001772,-,tcs,PFLU_1630,1.4012985644622606,2.0927124121855125e-10,NA,NA,NA,NA
Pm92_001822,kdpC,tcs,PFLU_1678,-2.2712554891718044,8.432982700563466e-4,NA,NA,1.6554297701861687,0.021908294708545818
Pm92_001983,-,tcs,PFLU_1837,-1.2577639121312891,1.2700522137271586e-4,NA,NA,NA,NA
Pm92_002133,-,tcs,PFLU_2123,-1.1669034455650493,5.094046212347202e-4,NA,NA,NA,NA
Pm92_002185,-,tcs,PFLU_2180,1.545874954838363,2.0779454589529697e-11,NA,NA,-1.7162402143995477,2.5294805058098183e-13
Pm92_002186,-,tcs,PFLU_2181,1.6310306295865875,1.6430853203892024e-19,NA,NA,-1.227265199130327,2.383629319332053e-11
Pm92_002277,glnT,tcs,PFLU_2323,1.2918750892290927,0.00376248728366586,NA,NA,NA,NA
Pm92_002312,-,tcs,PFLU_2358,-2.2757861026546777,8.475261503590943e-8,NA,NA,2.1578181262825606,5.598485855664134e-7
Pm92_002366,vreR,tcs,PFLU_2414,-1.5787281489854545,0.009978776361562051,NA,NA,2.1316730301417475,4.513079187461994e-4
Pm92_002446,tse3,tcs,PFLU_2533,1.7970535412895738,8.621012278562625e-7,NA,NA,-1.3153996648871307,4.76554684613502e-4
Pm92_002614,-,tcs,PFLU_2702,1.1301908698174574,3.977515850694305e-14,NA,NA,NA,NA
Pm92_002623,VPA0491,tcs,PFLU_2711,1.3610831280454914,8.894423186885172e-9,NA,NA,-1.1257513295709218,3.1716853866602865e-6
Pm92_002661,mdtA,tcs,PFLU_2749,-1.6048342851285164,7.267211218002315e-6,NA,NA,1.4630639259068623,6.73973423521893e-5
Pm92_002662,mdtB,tcs,PFLU_2750,-1.00370913907013,6.193570749035795e-5,NA,NA,NA,NA
Pm92_002663,mdtC,tcs,PFLU_2751,-1.7055524117989864,2.2536800740811963e-10,NA,NA,1.3184813780282856,2.0181620929334715e-6
Pm92_002700,-,tcs,PFLU_2788,3.086899843247039,8.883564043497047e-23,NA,NA,-2.375563536749803,6.694110321601077e-14
Pm92_002852,atoB,tcs,PFLU_3028,1.0819022723256178,1.2696175086590613e-5,NA,NA,NA,NA
Pm92_002920,bdlA,tcs,PFLU_3106,1.2103810210584354,3.24172128997594e-5,NA,NA,-1.0113451290270759,8.730666298401465e-4
Pm92_002921,bdlA,tcs,PFLU_3106,1.2771874637763938,0.001821926163460764,NA,NA,-1.2116198954574675,0.004643109106730962
Pm92_002941,qseC,tcs,PFLU_3127,-1.1558338285508667,0.016082003295936828,NA,NA,1.5643287608585126,0.001047991632988512
Pm92_003128,pstS,tcs,PFLU_3318,-1.4261868016473829,0.013808266518172975,NA,NA,NA,NA
Pm92_003279,-,tcs,PFLU_3483,-2.6692766379726884,5.6566759773480006e-21,NA,NA,2.2180654645022497,1.6433642770676585e-14
Pm92_003280,-,tcs,PFLU_3484,-2.9313257731303333,7.963752807670028e-20,NA,NA,2.549813720857181,6.211652312072678e-15
Pm92_003319,fadI,tcs,PFLU_3526,2.5477442149680876,2.5635832701405743e-7,NA,NA,-1.4656789566163864,0.003036700473697
Pm92_003368,-,tcs,PFLU_3567,2.466643807639425,7.841430944244316e-35,NA,NA,-2.2549070254431838,3.8028008582205534e-28
Pm92_003463,wza,tcs,PFLU_3662,1.3445867258094995,0.0017117934256771364,NA,NA,NA,NA
Pm92_003546,-,tcs,PFLU_3748,1.085160713907747,9.310167503344705e-6,NA,NA,NA,NA
Pm92_003567,ptpA,tcs,PFLU_3769,-1.0006949555459015,0.0028631499815921775,NA,NA,1.1186974204897744,9.849258510153819e-4
Pm92_003576,barA,tcs,PFLU_3777,-1.0791972182510519,8.02883442673698e-4,NA,NA,NA,NA
Pm92_003648,-,tcs,PFLU_3849,-1.9612084787085398,6.524574586162584e-9,NA,NA,1.996686209962741,4.844565576646653e-9
Pm92_003921,baeS,tcs,PFLU_4121,1.0744085300802222,2.9602903769846168e-5,NA,NA,-1.028472211500569,1.0008726821170007e-4
Pm92_004193,ansB,tcs,PFLU_4161,-1.6461934149296829,7.156027005100604e-12,-1.009877258318637,3.0877523182936263e-4,NA,NA
Pm92_004454,-,tcs,PFLU_4408,-1.6747026042651414,1.6458754109976218e-6,NA,NA,2.139249351450094,8.355598220461131e-10
Pm92_004457,motC,tcs,PFLU_4411,-2.1168465762397433,4.490169316644295e-15,NA,NA,1.9688118774997578,6.894785385772005e-13
Pm92_004478,hptB,tcs,PFLU_4431,-2.537397530956257,0.041852168930595034,NA,NA,NA,NA
Pm92_004479,rsbU,tcs,PFLU_4432,-1.64739892023683,5.250598737736884e-11,NA,NA,1.4168232980818438,2.9988099220418817e-8
Pm92_004480,rsbV,tcs,PFLU_4433,-2.2923742989709184,3.11890918577799e-15,NA,NA,1.8231302153657984,8.236152744134478e-10
Pm92_004494,fliC,tcs,PFLU_4448,-1.9788458959047235,5.649355259630259e-10,-1.8989339910396283,5.5439774566803664e-8,NA,NA
Pm92_004594,ccoN,tcs,PFLU_4553,-2.048791388348795,5.0611551736618005e-15,NA,NA,1.885333295531396,1.0899160456043325e-12
Pm92_004597,ccoP,tcs,PFLU_4556,-1.0372503550044527,4.60216090581499e-8,NA,NA,1.318814277563271,3.2081264860167763e-12
Pm92_004598,ccoN,tcs,PFLU_4558,-1.649194178361868,2.800952057858067e-20,NA,NA,1.1072067652420974,1.583753560589609e-9
Pm92_004601,ccoP,tcs,PFLU_4561,-1.7850384407673057,1.6835163527949696e-16,NA,NA,1.4267300405364916,1.1556489697805824e-10
Pm92_004781,dctA,tcs,PFLU_4717,-1.0267752778040098,1.29100749874524e-4,NA,NA,NA,NA
Pm92_004788,rstA,tcs,PFLU_4724,2.1785137451608385,5.2665355987645635e-27,NA,NA,-1.8145066111802932,7.551962346548862e-19
Pm92_004890,bdlA,tcs,PFLU_4819,-1.9307024355068068,1.35358593983099e-7,NA,NA,1.3297447147344368,5.648615162149879e-4
Pm92_005031,-,tcs,PFLU_4967,1.2242335414697922,9.39748089300022e-10,NA,NA,NA,NA
Pm92_005063,-,tcs,PFLU_4997,-1.7215328088429986,7.758265678479084e-15,NA,NA,1.4001142475890127,6.915099097701242e-10
Pm92_005164,cheW-1,tcs,PFLU_5091,-1.5218706640885733,1.1690740585685729e-4,NA,NA,NA,NA
Pm92_005169,-,tcs,PFLU_5096,-1.195364496469533,3.751912719886327e-6,NA,NA,NA,NA
Pm92_005417,cioB,tcs,PFLU_5345,-1.9163232629337426,5.298195457689852e-16,NA,NA,1.713720153821075,8.287611781467544e-13
Pm92_005418,cioA,tcs,PFLU_5346,-1.6231218489694565,7.398559032904733e-13,NA,NA,1.482655243514789,9.355595099175396e-11
Pm92_005433,hasS,tcs,PFLU_5362,-2.479115062251897,1.4706068039042159e-27,NA,NA,2.9425419382775853,2.9360850702689037e-38
Pm92_005708,-,tcs,PFLU_5627,1.261084808565815,7.169819252228304e-9,NA,NA,-1.3034779202242173,4.7245870059274125e-9
Pm92_005828,chpA,tcs,PFLU_5748,-1.2788297049935626,1.1059634415766729e-6,NA,NA,1.3825451194981107,1.7862094498100487e-7
Pm92_005829,pilJ,tcs,PFLU_5749,-1.2860268025419412,6.581940554338545e-7,NA,NA,1.227756773576254,3.1218513302811887e-6
Pm92_005926,spuB,tcs,PFLU_5847,1.1784071126384534,1.0154805456165678e-9,NA,NA,-1.3818823019994055,2.2269074571098908e-12
Pm92_006117,phoR,tcs,PFLU_6040,-1.0672799359642666,0.001492879866540932,NA,NA,1.1085320803350116,0.001217219535528973
Pm92_006212,fecR,tcs,PFLU_6131,1.0050826617416735,4.6144911604958233e-4,NA,NA,-1.0254124086005254,5.049160975754193e-4
NA,NA,tcs,PFLU_6039,NA,NA,NA,NA,NA,NA
NA,NA,tcs,PFLU_0807,NA,NA,NA,NA,NA,NA
NA,NA,tcs,PFLU_6048,NA,NA,NA,NA,NA,NA
NA,NA,tcs,PFLU_3883,NA,NA,NA,NA,NA,NA
NA,NA,tcs,PFLU_4719,NA,NA,NA,NA,NA,NA
NA,NA,tcs,PFLU_4720,NA,NA,NA,NA,NA,NA
NA,NA,tcs,PFLU_4623,NA,NA,NA,NA,NA,NA
NA,NA,tcs,PFLU_0260,NA,NA,NA,NA,NA,NA
NA,NA,tcs,PFLU_0259,NA,NA,NA,NA,NA,NA
NA,NA,tcs,PFLU_4884,NA,NA,NA,NA,NA,NA
NA,NA,tcs,PFLU_4723,NA,NA,NA,NA,NA,NA
NA,NA,tcs,PFLU_5640,NA,NA,NA,NA,NA,NA
NA,NA,tcs,PFLU_5641,NA,NA,NA,NA,NA,NA
NA,NA,tcs,PFLU_4122,NA,NA,NA,NA,NA,NA
NA,NA,tcs,PFLU_1575,NA,NA,NA,NA,NA,NA
NA,NA,tcs,PFLU_4172,NA,NA,NA,NA,NA,NA
NA,NA,tcs,PFLU_4171,NA,NA,NA,NA,NA,NA
NA,NA,tcs,PFLU_5110,NA,NA,NA,NA,NA,NA
NA,NA,tcs,PFLU_4380,NA,NA,NA,NA,NA,NA
NA,NA,tcs,PFLU_3126,NA,NA,NA,NA,NA,NA
NA,NA,tcs,PFLU_4381,NA,NA,NA,NA,NA,NA
NA,NA,tcs,PFLU_4417,NA,NA,NA,NA,NA,NA
NA,NA,tcs,PFLU_0508,NA,NA,NA,NA,NA,NA
NA,NA,tcs,PFLU_1679,NA,NA,NA,NA,NA,NA
NA,NA,tcs,PFLU_1680,NA,NA,NA,NA,NA,NA
NA,NA,tcs,PFLU_1676,NA,NA,NA,NA,NA,NA
NA,NA,tcs,PFLU_1677,NA,NA,NA,NA,NA,NA
NA,NA,tcs,PFLU_1452,NA,NA,NA,NA,NA,NA
NA,NA,tcs,PFLU_1451,NA,NA,NA,NA,NA,NA
NA,NA,tcs,PFLU_1447,NA,NA,NA,NA,NA,NA
NA,NA,tcs,PFLU_0065,NA,NA,NA,NA,NA,NA
NA,NA,tcs,PFLU_2294,NA,NA,NA,NA,NA,NA
NA,NA,tcs,PFLU_4925,NA,NA,NA,NA,NA,NA
NA,NA,tcs,PFLU_3655,NA,NA,NA,NA,NA,NA
NA,NA,tcs,PFLU_5935,NA,NA,NA,NA,NA,NA
NA,NA,tcs,PFLU_2337,NA,NA,NA,NA,NA,NA
NA,NA,tcs,PFLU_2338,NA,NA,NA,NA,NA,NA
NA,NA,tcs,PFLU_1603,NA,NA,NA,NA,NA,NA
NA,NA,tcs,PFLU_2189,NA,NA,NA,NA,NA,NA
NA,NA,tcs,PFLU_4746,NA,NA,NA,NA,NA,NA
NA,NA,tcs,PFLU_4165,NA,NA,NA,NA,NA,NA
NA,NA,tcs,PFLU_4324,NA,NA,NA,NA,NA,NA
NA,NA,tcs,PFLU_1739,NA,NA,NA,NA,NA,NA
NA,NA,tcs,PFLU_1740,NA,NA,NA,NA,NA,NA
NA,NA,tcs,PFLU_1157,NA,NA,NA,NA,NA,NA
NA,NA,tcs,PFLU_3467,NA,NA,NA,NA,NA,NA
NA,NA,tcs,PFLU_1268,NA,NA,NA,NA,NA,NA
NA,NA,tcs,PFLU_0344,NA,NA,NA,NA,NA,NA
NA,NA,tcs,PFLU_1514,NA,NA,NA,NA,NA,NA
NA,NA,tcs,PFLU_2163,NA,NA,NA,NA,NA,NA
NA,NA,tcs,PFLU_5849,NA,NA,NA,NA,NA,NA
NA,NA,tcs,PFLU_3065,NA,NA,NA,NA,NA,NA
NA,NA,tcs,PFLU_5237,NA,NA,NA,NA,NA,NA
NA,NA,tcs,PFLU_0691,NA,NA,NA,NA,NA,NA
NA,NA,tcs,PFLU_3297,NA,NA,NA,NA,NA,NA
NA,NA,tcs,PFLU_0655,NA,NA,NA,NA,NA,NA
NA,NA,tcs,PFLU_4662,NA,NA,NA,NA,NA,NA
NA,NA,tcs,PFLU_2150,NA,NA,NA,NA,NA,NA
NA,NA,tcs,PFLU_4953,NA,NA,NA,NA,NA,NA
NA,NA,tcs,PFLU_0287,NA,NA,NA,NA,NA,NA
NA,NA,tcs,PFLU_0286,NA,NA,NA,NA,NA,NA
NA,NA,tcs,PFLU_4954,NA,NA,NA,NA,NA,NA
NA,NA,tcs,PFLU_3500,NA,NA,NA,NA,NA,NA
NA,NA,tcs,PFLU_3062,NA,NA,NA,NA,NA,NA
NA,NA,tcs,PFLU_0882,NA,NA,NA,NA,NA,NA
NA,NA,tcs,PFLU_0793,NA,NA,NA,NA,NA,NA
NA,NA,tcs,PFLU_0088,NA,NA,NA,NA,NA,NA
NA,NA,tcs,PFLU_3018,NA,NA,NA,NA,NA,NA
NA,NA,tcs,PFLU_4732,NA,NA,NA,NA,NA,NA
NA,NA,tcs,PFLU_5090,NA,NA,NA,NA,NA,NA
NA,NA,tcs,PFLU_3379,NA,NA,NA,NA,NA,NA
NA,NA,tcs,PFLU_3388,NA,NA,NA,NA,NA,NA
NA,NA,tcs,PFLU_5957,NA,NA,NA,NA,NA,NA
NA,NA,tcs,PFLU_0800,NA,NA,NA,NA,NA,NA
NA,NA,tcs,PFLU_0704,NA,NA,NA,NA,NA,NA
NA,NA,tcs,PFLU_0117,NA,NA,NA,NA,NA,NA
NA,NA,tcs,PFLU_1855,NA,NA,NA,NA,NA,NA
NA,NA,tcs,PFLU_0447,NA,NA,NA,NA,NA,NA
NA,NA,tcs,PFLU_0916,NA,NA,NA,NA,NA,NA
NA,NA,tcs,PFLU_1438,NA,NA,NA,NA,NA,NA
NA,NA,tcs,PFLU_1485,NA,NA,NA,NA,NA,NA
NA,NA,tcs,PFLU_2295,NA,NA,NA,NA,NA,NA
NA,NA,tcs,PFLU_2125,NA,NA,NA,NA,NA,NA
NA,NA,tcs,PFLU_2262,NA,NA,NA,NA,NA,NA
NA,NA,tcs,PFLU_2587,NA,NA,NA,NA,NA,NA
NA,NA,tcs,PFLU_4783,NA,NA,NA,NA,NA,NA
NA,NA,tcs,PFLU_4792,NA,NA,NA,NA,NA,NA
NA,NA,tcs,PFLU_2808,NA,NA,NA,NA,NA,NA
NA,NA,tcs,PFLU_4936,NA,NA,NA,NA,NA,NA
NA,NA,tcs,PFLU_4125,NA,NA,NA,NA,NA,NA
NA,NA,tcs,PFLU_4971,NA,NA,NA,NA,NA,NA
NA,NA,tcs,PFLU_3351,NA,NA,NA,NA,NA,NA
NA,NA,tcs,PFLU_5092,NA,NA,NA,NA,NA,NA
NA,NA,tcs,PFLU_3358,NA,NA,NA,NA,NA,NA
NA,NA,tcs,PFLU_5176,NA,NA,NA,NA,NA,NA
NA,NA,tcs,PFLU_3047,NA,NA,NA,NA,NA,NA
NA,NA,tcs,PFLU_5316,NA,NA,NA,NA,NA,NA
NA,NA,tcs,PFLU_3962,NA,NA,NA,NA,NA,NA
NA,NA,tcs,PFLU_0379,NA,NA,NA,NA,NA,NA
NA,NA,tcs,PFLU_3059,NA,NA,NA,NA,NA,NA
NA,NA,tcs,PFLU_3092,NA,NA,NA,NA,NA,NA
NA,NA,tcs,PFLU_3427,NA,NA,NA,NA,NA,NA
NA,NA,tcs,PFLU_4548,NA,NA,NA,NA,NA,NA
NA,NA,tcs,PFLU_2496,NA,NA,NA,NA,NA,NA
NA,NA,tcs,PFLU_4551,NA,NA,NA,NA,NA,NA
NA,NA,tcs,PFLU_3409,NA,NA,NA,NA,NA,NA
NA,NA,tcs,PFLU_4407,NA,NA,NA,NA,NA,NA
NA,NA,tcs,PFLU_5093,NA,NA,NA,NA,NA,NA
NA,NA,tcs,PFLU_4414,NA,NA,NA,NA,NA,NA
NA,NA,tcs,PFLU_5095,NA,NA,NA,NA,NA,NA
NA,NA,tcs,PFLU_4416,NA,NA,NA,NA,NA,NA
NA,NA,tcs,PFLU_3019,NA,NA,NA,NA,NA,NA
NA,NA,tcs,PFLU_4413,NA,NA,NA,NA,NA,NA
NA,NA,tcs,PFLU_5088,NA,NA,NA,NA,NA,NA
NA,NA,tcs,PFLU_4733,NA,NA,NA,NA,NA,NA
NA,NA,tcs,PFLU_0966,NA,NA,NA,NA,NA,NA
NA,NA,tcs,PFLU_5314,NA,NA,NA,NA,NA,NA
NA,NA,tcs,PFLU_4401,NA,NA,NA,NA,NA,NA
NA,NA,tcs,PFLU_5750,NA,NA,NA,NA,NA,NA
NA,NA,tcs,PFLU_5752,NA,NA,NA,NA,NA,NA
NA,NA,tcs,PFLU_5751,NA,NA,NA,NA,NA,NA
NA,NA,tcs,PFLU_5747,NA,NA,NA,NA,NA,NA
NA,NA,tcs,PFLU_1224,NA,NA,NA,NA,NA,NA
NA,NA,tcs,PFLU_5120,NA,NA,NA,NA,NA,NA
NA,NA,tcs,PFLU_3128,NA,NA,NA,NA,NA,NA
NA,NA,tcs,PFLU_3129,NA,NA,NA,NA,NA,NA
NA,NA,tcs,PFLU_3021,NA,NA,NA,NA,NA,NA
NA,NA,tcs,PFLU_3470,NA,NA,NA,NA,NA,NA
NA,NA,tcs,PFLU_3469,NA,NA,NA,NA,NA,NA
NA,NA,tcs,PFLU_3468,NA,NA,NA,NA,NA,NA
NA,NA,tcs,PFLU_4443,NA,NA,NA,NA,NA,NA
NA,NA,tcs,PFLU_4442,NA,NA,NA,NA,NA,NA
NA,NA,tcs,PFLU_4441,NA,NA,NA,NA,NA,NA
NA,NA,tcs,PFLU_1137,NA,NA,NA,NA,NA,NA
NA,NA,tcs,PFLU_5556,NA,NA,NA,NA,NA,NA
NA,NA,tcs,PFLU_0192,NA,NA,NA,NA,NA,NA
NA,NA,tcs,PFLU_2255,NA,NA,NA,NA,NA,NA
NA,NA,tcs,PFLU_1528,NA,NA,NA,NA,NA,NA
NA,NA,tcs,PFLU_3587,NA,NA,NA,NA,NA,NA
NA,NA,tcs,PFLU_0830,NA,NA,NA,NA,NA,NA
NA,NA,tcs,PFLU_0842,NA,NA,NA,NA,NA,NA
NA,NA,tcs,PFLU_5117,NA,NA,NA,NA,NA,NA
NA,NA,tcs,PFLU_1512,NA,NA,NA,NA,NA,NA
NA,NA,tcs,PFLU_1893,NA,NA,NA,NA,NA,NA
NA,NA,tcs,PFLU_1892,NA,NA,NA,NA,NA,NA
NA,NA,tcs,PFLU_3012,NA,NA,NA,NA,NA,NA
NA,NA,tcs,PFLU_4554,NA,NA,NA,NA,NA,NA
NA,NA,tcs,PFLU_4559,NA,NA,NA,NA,NA,NA
NA,NA,tcs,PFLU_1891,NA,NA,NA,NA,NA,NA
NA,NA,tcs,PFLU_4560,NA,NA,NA,NA,NA,NA
NA,NA,tcs,PFLU_4555,NA,NA,NA,NA,NA,NA
NA,NA,tcs,PFLU_1900,NA,NA,NA,NA,NA,NA
NA,NA,tcs,PFLU_1901,NA,NA,NA,NA,NA,NA
NA,NA,tcs,PFLU_3678,NA,NA,NA,NA,NA,NA
NA,NA,tcs,PFLU_3677,NA,NA,NA,NA,NA,NA
NA,NA,tcs,PFLU_1042,NA,NA,NA,NA,NA,NA
NA,NA,tcs,PFLU_1041,NA,NA,NA,NA,NA,NA
NA,NA,tcs,PFLU_1047,NA,NA,NA,NA,NA,NA
NA,NA,tcs,PFLU_1406,NA,NA,NA,NA,NA,NA
NA,NA,tcs,PFLU_3632,NA,NA,NA,NA,NA,NA
NA,NA,tcs,PFLU_5628,NA,NA,NA,NA,NA,NA
NA,NA,tcs,PFLU_5799,NA,NA,NA,NA,NA,NA
NA,NA,tcs,PFLU_1736,NA,NA,NA,NA,NA,NA
NA,NA,tcs,PFLU_4736,NA,NA,NA,NA,NA,NA
Pm92_000123,-,tcs,PFLU_0117,NA,NA,-1.0763451580942982,0.0011623592947183378,NA,NA
Pm92_002157,atoB,tcs,PFLU_2150,NA,NA,-1.2173023694257736,1.4897855170372113e-9,NA,NA
NA,NA,tcs,PFLU_6040,NA,NA,NA,NA,NA,NA
NA,NA,tcs,PFLU_3318,NA,NA,NA,NA,NA,NA
NA,NA,tcs,PFLU_4724,NA,NA,NA,NA,NA,NA
NA,NA,tcs,PFLU_1471,NA,NA,NA,NA,NA,NA
NA,NA,tcs,PFLU_4121,NA,NA,NA,NA,NA,NA
NA,NA,tcs,PFLU_2749,NA,NA,NA,NA,NA,NA
NA,NA,tcs,PFLU_2750,NA,NA,NA,NA,NA,NA
NA,NA,tcs,PFLU_2751,NA,NA,NA,NA,NA,NA
NA,NA,tcs,PFLU_0700,NA,NA,NA,NA,NA,NA
NA,NA,tcs,PFLU_0958,NA,NA,NA,NA,NA,NA
NA,NA,tcs,PFLU_0701,NA,NA,NA,NA,NA,NA
NA,NA,tcs,PFLU_1576,NA,NA,NA,NA,NA,NA
NA,NA,tcs,PFLU_0959,NA,NA,NA,NA,NA,NA
NA,NA,tcs,PFLU_3127,NA,NA,NA,NA,NA,NA
NA,NA,tcs,PFLU_4411,NA,NA,NA,NA,NA,NA
NA,NA,tcs,PFLU_1678,NA,NA,NA,NA,NA,NA
NA,NA,tcs,PFLU_1448,NA,NA,NA,NA,NA,NA
NA,NA,tcs,PFLU_1449,NA,NA,NA,NA,NA,NA
NA,NA,tcs,PFLU_0001,NA,NA,NA,NA,NA,NA
NA,NA,tcs,PFLU_4997,NA,NA,NA,NA,NA,NA
NA,NA,tcs,PFLU_3483,NA,NA,NA,NA,NA,NA
NA,NA,tcs,PFLU_3484,NA,NA,NA,NA,NA,NA
NA,NA,tcs,PFLU_1131,NA,NA,NA,NA,NA,NA
NA,NA,tcs,PFLU_0990,NA,NA,NA,NA,NA,NA
NA,NA,tcs,PFLU_1605,NA,NA,NA,NA,NA,NA
NA,NA,tcs,PFLU_1018,NA,NA,NA,NA,NA,NA
NA,NA,tcs,PFLU_1606,NA,NA,NA,NA,NA,NA
NA,NA,tcs,PFLU_3777,NA,NA,NA,NA,NA,NA
NA,NA,tcs,PFLU_1630,NA,NA,NA,NA,NA,NA
NA,NA,tcs,PFLU_2181,NA,NA,NA,NA,NA,NA
NA,NA,tcs,PFLU_2180,NA,NA,NA,NA,NA,NA
NA,NA,tcs,PFLU_0343,NA,NA,NA,NA,NA,NA
NA,NA,tcs,PFLU_0348,NA,NA,NA,NA,NA,NA
NA,NA,tcs,PFLU_2323,NA,NA,NA,NA,NA,NA
NA,NA,tcs,PFLU_5847,NA,NA,NA,NA,NA,NA
NA,NA,tcs,PFLU_3028,NA,NA,NA,NA,NA,NA
NA,NA,tcs,PFLU_3526,NA,NA,NA,NA,NA,NA
NA,NA,tcs,PFLU_4717,NA,NA,NA,NA,NA,NA
NA,NA,tcs,PFLU_0087,NA,NA,NA,NA,NA,NA
NA,NA,tcs,PFLU_2358,NA,NA,NA,NA,NA,NA
NA,NA,tcs,PFLU_2123,NA,NA,NA,NA,NA,NA
NA,NA,tcs,PFLU_2533,NA,NA,NA,NA,NA,NA
NA,NA,tcs,PFLU_4819,NA,NA,NA,NA,NA,NA
NA,NA,tcs,PFLU_5096,NA,NA,NA,NA,NA,NA
NA,NA,tcs,PFLU_2711,NA,NA,NA,NA,NA,NA
NA,NA,tcs,PFLU_3106,NA,NA,NA,NA,NA,NA
NA,NA,tcs,PFLU_4408,NA,NA,NA,NA,NA,NA
NA,NA,tcs,PFLU_5091,NA,NA,NA,NA,NA,NA
NA,NA,tcs,PFLU_5749,NA,NA,NA,NA,NA,NA
NA,NA,tcs,PFLU_5748,NA,NA,NA,NA,NA,NA
NA,NA,tcs,PFLU_1221,NA,NA,NA,NA,NA,NA
NA,NA,tcs,PFLU_1219,NA,NA,NA,NA,NA,NA
NA,NA,tcs,PFLU_1220,NA,NA,NA,NA,NA,NA
NA,NA,tcs,PFLU_1222,NA,NA,NA,NA,NA,NA
NA,NA,tcs,PFLU_1223,NA,NA,NA,NA,NA,NA
NA,NA,tcs,PFLU_1225,NA,NA,NA,NA,NA,NA
NA,NA,tcs,PFLU_1135,NA,NA,NA,NA,NA,NA
NA,NA,tcs,PFLU_1134,NA,NA,NA,NA,NA,NA
NA,NA,tcs,PFLU_1136,NA,NA,NA,NA,NA,NA
NA,NA,tcs,PFLU_0829,NA,NA,NA,NA,NA,NA
NA,NA,tcs,PFLU_0841,NA,NA,NA,NA,NA,NA
NA,NA,tcs,PFLU_0843,NA,NA,NA,NA,NA,NA
NA,NA,tcs,PFLU_4553,NA,NA,NA,NA,NA,NA
NA,NA,tcs,PFLU_4558,NA,NA,NA,NA,NA,NA
NA,NA,tcs,PFLU_4556,NA,NA,NA,NA,NA,NA
NA,NA,tcs,PFLU_4561,NA,NA,NA,NA,NA,NA
NA,NA,tcs,PFLU_5346,NA,NA,NA,NA,NA,NA
NA,NA,tcs,PFLU_5345,NA,NA,NA,NA,NA,NA
NA,NA,tcs,PFLU_0491,NA,NA,NA,NA,NA,NA
NA,NA,tcs,PFLU_3849,NA,NA,NA,NA,NA,NA
NA,NA,tcs,PFLU_3662,NA,NA,NA,NA,NA,NA
NA,NA,tcs,PFLU_3769,NA,NA,NA,NA,NA,NA
NA,NA,tcs,PFLU_5627,NA,NA,NA,NA,NA,NA
NA,NA,tcs,PFLU_5362,NA,NA,NA,NA,NA,NA
NA,NA,tcs,PFLU_6131,NA,NA,NA,NA,NA,NA
NA,NA,tcs,PFLU_2414,NA,NA,NA,NA,NA,NA
NA,NA,tcs,PFLU_2788,NA,NA,NA,NA,NA,NA
NA,NA,tcs,PFLU_4967,NA,NA,NA,NA,NA,NA
NA,NA,tcs,PFLU_3748,NA,NA,NA,NA,NA,NA
NA,NA,tcs,PFLU_2702,NA,NA,NA,NA,NA,NA
NA,NA,tcs,PFLU_3567,NA,NA,NA,NA,NA,NA
NA,NA,tcs,PFLU_1837,NA,NA,NA,NA,NA,NA
NA,NA,tcs,PFLU_4431,NA,NA,NA,NA,NA,NA
NA,NA,tcs,PFLU_4432,NA,NA,NA,NA,NA,NA
NA,NA,tcs,PFLU_4433,NA,NA,NA,NA,NA,NA
Pm92_000202,-,tcs,PFLU_0192,NA,NA,NA,NA,-1.0859552358590863,0.0020488642261675713
Pm92_000707,fadI,tcs,PFLU_0655,NA,NA,NA,NA,1.2444793366675946,1.478040135032376e-4
Pm92_000884,phoD2,tcs,PFLU_0807,NA,NA,NA,NA,-1.2063460995202462,0.029962576043455962
Pm92_001119,fecI,tcs,PFLU_1042,NA,NA,NA,NA,-1.2189874274600527,4.231424577508187e-4
Pm92_001124,-,tcs,PFLU_1047,NA,NA,NA,NA,1.0362162072811691,0.012739735267121143
Pm92_002842,cheR3,tcs,PFLU_3018,NA,NA,NA,NA,1.0723774924153313,1.4062337819692466e-4
Pm92_002843,-,tcs,PFLU_3019,NA,NA,NA,NA,1.0431235307406503,3.274307738191446e-4
Pm92_003266,dctQ,tcs,PFLU_3469,NA,NA,NA,NA,-1.93444754780026,0.0194140112702213
Pm92_003763,VPA0491,tcs,PFLU_3962,NA,NA,NA,NA,-1.0071666301915443,4.3685600890254006e-7
Pm92_003922,baeR,tcs,PFLU_4122,NA,NA,NA,NA,-1.1481194771046852,6.26343042522906e-5
Pm92_004447,chev-2,tcs,PFLU_4401,NA,NA,NA,NA,-1.0573129953820621,9.651491897003554e-5
Pm92_004488,fleS,tcs,PFLU_4442,NA,NA,NA,NA,1.158158220876283,0.0011182819858748978
Pm92_004798,flgM,tcs,PFLU_4736,NA,NA,NA,NA,-1.5641771189569522,2.025061893461378e-22
NA,NA,tcs,PFLU_4448,NA,NA,NA,NA,NA,NA
NA,NA,tcs,PFLU_0380,NA,NA,NA,NA,NA,NA
NA,NA,tcs,PFLU_1138,NA,NA,NA,NA,NA,NA
NA,NA,tcs,PFLU_4161,NA,NA,NA,NA,NA,NA
Pm92_000069,metQ2,transporters,PFLU_0068,-1.1581280145729118,0.005970579643226236,NA,NA,NA,NA
Pm92_000070,HA62_27175,transporters,PFLU_0069,-1.5975475358421942,0.0037678287274814067,NA,NA,1.2365356071511304,0.03380634616686716
Pm92_000075,znuC,transporters,PFLU_0074,1.24395771197118,9.089699371021226e-10,NA,NA,-1.2046362266586068,7.596610897473195e-9
Pm92_000077,znuA,transporters,PFLU_0076,1.2273445978743682,0.014812839609832281,NA,NA,-1.4488469995193864,0.004231337210712308
Pm92_000131,nrtCD,transporters,PFLU_0125,1.8217182740174174,0.003215839246553907,NA,NA,-1.2900969997939047,0.046860115072063106
Pm92_000197,sbp,transporters,PFLU_0187,1.1067173445187661,1.410461313547857e-4,NA,NA,-1.191731432132879,5.9122407970175086e-5
Pm92_000198,cysT,transporters,PFLU_0188,-1.4984307660286227,0.037543739774528836,NA,NA,NA,NA
Pm92_000212,atsB,transporters,PFLU_0200,1.6588978156421832,1.4232405108954996e-5,NA,NA,-1.66867556952667,3.0990172161128886e-5
Pm92_000246,metI,transporters,PFLU_0237,1.291511321754015,0.038106504983449634,NA,NA,-1.7480965121159382,0.008861096904413179
Pm92_000248,metQ1,transporters,PFLU_0239,1.3895979939365763,1.3670438295338647e-4,NA,NA,NA,NA
Pm92_000253,yecC,transporters,PFLU_0244,-1.444468320966265,9.019405054984558e-4,NA,NA,1.2542594395595283,0.005587611176952184
Pm92_000254,yecS,transporters,PFLU_0245,-1.2561174988963253,0.005226260485137404,NA,NA,1.3128522427678715,0.004231337210712308
Pm92_000367,occM1,transporters,PFLU_0311,-2.0737118663148255,1.412018096506287e-4,-1.2177652712365983,0.005488931666870115,NA,NA
Pm92_000369,artI,transporters,PFLU_0313,-2.2084401476532878,1.1845043241438181e-12,NA,NA,1.3049360927252343,5.9142255099245185e-5
Pm92_000370,HA62_27665,transporters,PFLU_0314,-1.4490351324859494,4.267027117091784e-9,NA,NA,NA,NA
Pm92_000419,hisX,transporters,PFLU_0363,1.445359440366595,1.7355623490362247e-5,NA,NA,-1.554540396280149,4.452510411412056e-6
Pm92_000525,-,transporters,PFLU_0469,1.3997186058408284,0.020960295546268465,NA,NA,NA,NA
Pm92_000538,msbA,transporters,PFLU_0481,-1.0787987067152132,2.433322547035472e-6,NA,NA,NA,NA
Pm92_000583,fbpB,transporters,PFLU_0527,-1.0915323074107277,4.342359434185229e-4,NA,NA,1.2111391632872226,1.1440113014831662e-4
Pm92_000890,opuBA,transporters,PFLU_0812,-1.581738277331138,3.31079093693767e-4,NA,NA,1.4806763205439102,0.001058871577474239
Pm92_000897,dppF,transporters,PFLU_0819,-1.2511907381256726,3.577675533902088e-5,NA,NA,1.1035031128984594,4.201852504114192e-4
Pm92_000898,dppD,transporters,PFLU_0820,-1.0971282553663766,0.007119851607991881,NA,NA,1.1233924020308192,0.00675452669511513
Pm92_000904,dppA,transporters,PFLU_0826,-3.3696786662460263,4.9376963993814835e-17,-1.0440607011128673,0.020879163822453337,2.3256179651331585,1.6430246569783286e-8
Pm92_000905,dppA,transporters,PFLU_0827,-1.8842231556832791,7.722596729492925e-19,NA,NA,1.3455042149062229,7.930830537898978e-10
Pm92_000968,mlaE,transporters,PFLU_0889,-1.5160729051036712,3.179015959170004e-4,NA,NA,1.2108117184096383,0.00571722261106265
Pm92_001134,lptG,transporters,PFLU_1057,-1.887014929769249,9.161197074269897e-13,NA,NA,1.6093440089890263,2.2291949132091096e-9
Pm92_001213,gltL,transporters,PFLU_1136,-1.4398066158160143,1.0938485377429813e-6,NA,NA,NA,NA
Pm92_001215,gltJ,transporters,PFLU_1138,-1.3657209997193411,1.6302695741076567e-4,-1.0323363091298736,0.0041643470809415465,NA,NA
Pm92_001216,gltI,transporters,PFLU_1139,-4.129650929675642,9.430013661565116e-51,-1.1290964999625375,2.2018853344042737e-4,3.0005544297131044,5.009743547139689e-27
Pm92_001222,fbpC,transporters,PFLU_1145,-1.6073131812660337,2.5003790273038482e-8,NA,NA,1.4756079162220344,5.255210765280382e-7
Pm92_001554,-,transporters,PFLU_1488,-2.326172679459165,2.7002945640449304e-5,NA,NA,1.9048147717915662,9.414849761144321e-4
Pm92_001639,lolE,transporters,PFLU_1574,-1.7707545816429613,8.381390555980369e-8,NA,NA,1.726298482302344,2.602136255644085e-7
Pm92_001904,ccmA,transporters,PFLU_1758,-2.6185544847610016,7.71506993007228e-5,NA,NA,3.116769021172209,2.5189750863346335e-6
Pm92_001905,ccmB,transporters,PFLU_1759,-3.511073906188403,5.92244507961811e-17,NA,NA,3.429236705604772,5.414182938595511e-16
Pm92_001906,ccmC,transporters,PFLU_1760,-2.903816721818298,3.48322262687048e-12,NA,NA,2.8342025404039024,1.909541996438172e-11
Pm92_001923,phnC,transporters,PFLU_1777,1.48764517769094,2.771588654886788e-4,NA,NA,NA,NA
Pm92_002050,-,transporters,PFLU_2042,-2.9903982616269564,1.087917060877959e-10,NA,NA,2.5821098609592235,4.786140435385054e-8
Pm92_002051,znuC,transporters,PFLU_2043,-4.302841361397526,8.640042218420647e-14,NA,NA,4.002151289675987,6.722098652537138e-12
Pm92_002052,psaA,transporters,PFLU_2044,-7.057023487908339,3.139661485009253e-8,-1.1104521513683694,0.012519489836655968,5.946571336539969,4.854458026436479e-6
Pm92_002222,-,transporters,PFLU_2266,1.0235711008526103,5.281430461307021e-7,NA,NA,NA,NA
Pm92_002254,xylH,transporters,PFLU_2298,1.2205588573697266,0.00254425242582621,NA,NA,NA,NA
Pm92_002255,xylG,transporters,PFLU_2299,1.2997693250635858,3.103134095666817e-4,NA,NA,-1.0133607207921242,0.00721536521733433
Pm92_002459,pvdE,transporters,PFLU_2546,-1.6744722336248548,3.735628983688215e-14,NA,NA,1.4098909873660477,3.786701940725721e-10
Pm92_002468,macB,transporters,PFLU_2556,-3.6117275962010518,2.958742028506227e-36,NA,NA,3.353419807221394,5.133890854652134e-31
Pm92_002494,-,transporters,PFLU_2583,1.06691025283735,0.016820054291900314,NA,NA,NA,NA
Pm92_002503,-,transporters,PFLU_2592,-2.5186616806463427,2.1871772737049455e-16,NA,NA,2.7579049883878906,2.72521867726828e-19
Pm92_002546,yejF,transporters,PFLU_2631,-3.336244745538229,9.492985279991718e-9,NA,NA,3.073348551580188,1.941282162862352e-7
Pm92_002547,yejE,transporters,PFLU_2632,-4.840658887148895,8.923734607183398e-6,NA,NA,4.467471493563271,5.610446448185937e-5
Pm92_002548,yejB,transporters,PFLU_2633,-4.114691023977126,9.151136514782102e-7,NA,NA,3.6055663400922575,2.5625843615746243e-5
Pm92_002549,yejA,transporters,PFLU_2634,-1.6835631119829573,3.287212068847179e-4,NA,NA,1.8283074749513302,1.1660130476672362e-4
Pm92_002551,yejF,transporters,PFLU_2636,-2.046734700247466,3.0879377344348626e-4,NA,NA,1.7332117265467581,0.003227473877384523
Pm92_002553,yejB,transporters,PFLU_2638,-1.468273967308224,0.012159168199117103,NA,NA,NA,NA
Pm92_002655,mtlG,transporters,PFLU_2743,1.5226293777344992,2.3199024162854758e-4,NA,NA,-1.2099412619938084,0.0048256377562697515
Pm92_002701,-,transporters,PFLU_2789,1.1361854453204119,3.9189862323438127e-5,NA,NA,NA,NA
Pm92_002702,-,transporters,PFLU_2790,2.040416775432921,5.038045044501677e-5,NA,NA,-1.420058909778328,0.006388958925502975
Pm92_002754,-,transporters,PFLU_2935,1.3139975025342845,0.008514379825359037,NA,NA,NA,NA
Pm92_002795,modA,transporters,PFLU_2971,2.6720718049045944,1.045734359342297e-21,NA,NA,-2.579121852342042,2.4322538272722264e-19
Pm92_002957,aprD,transporters,PFLU_3144,-1.9460753706415854,1.174727428429454e-11,NA,NA,1.7256740073315673,3.0292270639496324e-9
Pm92_003035,-,transporters,PFLU_3226,-1.5077064986802586,5.171360717770222e-13,NA,NA,NA,NA
Pm92_003037,Z012_03345,transporters,PFLU_3228,-1.2331099258509595,4.951345630822242e-4,NA,NA,NA,NA
Pm92_003128,pstS,transporters,PFLU_3318,-1.4261868016473829,0.013808266518172975,NA,NA,NA,NA
Pm92_003222,-,transporters,PFLU_3423,-1.4774079547879977,0.0013305412973308145,NA,NA,1.3373726683144949,0.0049923284096719395
Pm92_003515,-,transporters,PFLU_3717,1.622341483942156,1.302292453748041e-6,NA,NA,-1.4469637651782867,3.0036499475329798e-5
Pm92_003516,-,transporters,PFLU_3718,1.199148467207939,0.044419217849494354,NA,NA,NA,NA
Pm92_003517,-,transporters,PFLU_3719,1.0100031682150972,0.030012125059748037,NA,NA,NA,NA
Pm92_003524,-,transporters,PFLU_3726,3.4360202657630055,6.3787022962882046e-18,NA,NA,-3.246720523121153,1.1399206506788393e-15
Pm92_003525,-,transporters,PFLU_3727,1.2865465944345709,0.005937832198682091,NA,NA,NA,NA
Pm92_003526,-,transporters,PFLU_3728,1.144981294134877,0.034894047025941524,NA,NA,-1.7987950956618861,0.001294180820630565
Pm92_003653,-,transporters,PFLU_3854,1.891587156009377,7.697182264977972e-5,NA,NA,NA,NA
Pm92_003779,macB,transporters,PFLU_3978,-1.6503446729779774,3.679205791899583e-11,NA,NA,1.8797640894510266,5.415627678212213e-14
Pm92_003797,rbsB,transporters,PFLU_3996,2.210851637219834,6.61862684293705e-9,NA,NA,-1.499416126828078,1.1419262923306582e-4
Pm92_004308,-,transporters,PFLU_4263,1.5709905377730027,0.021207874360237657,NA,NA,NA,NA
Pm92_004578,bapA,transporters,PFLU_4534,-1.2997312763353102,2.7521851149350393e-8,NA,NA,1.3811939098141188,5.1813392074503835e-9
Pm92_004747,araH,transporters,PFLU_4682,1.2597378260629888,6.618774584723308e-5,NA,NA,NA,NA
Pm92_004749,araF,transporters,PFLU_4684,1.9469481128319004,5.218113152957999e-6,NA,NA,-1.520988468743157,5.83039253885447e-4
Pm92_004828,aotJ,transporters,PFLU_4765,-2.014465577826724,3.9882261250070496e-13,NA,NA,1.1425893969518173,7.904803332763539e-5
Pm92_004912,gltK,transporters,PFLU_4843,-2.264253928384654,9.755663833260188e-22,-1.3971558948947922,5.48789920152435e-9,NA,NA
Pm92_004913,gtsC,transporters,PFLU_4844,-2.386983001395765,1.4542263031064453e-11,-2.0109169206895787,3.3626200817570537e-9,NA,NA
Pm92_004915,gtsA,transporters,PFLU_4846,-3.0468899763224075,5.773566788890226e-31,-1.1995480519995447,6.064044451652986e-6,1.8473419243228626,8.821902985613925e-12
Pm92_005201,yhdW,transporters,PFLU_5128,-1.5811519329579882,3.2212080606100706e-7,NA,NA,2.287882259814107,7.372315241995118e-14
Pm92_005430,hasD,transporters,PFLU_5358,-3.2301358358566468,9.794247389283523e-33,NA,NA,3.77706545419795,3.124167410802176e-44
Pm92_005762,choX,transporters,PFLU_5680,-2.3617916920978095,1.228785770979931e-4,NA,NA,1.7049253752731268,0.008561135626748848
Pm92_005763,choW,transporters,PFLU_5681,1.1773815636265066,6.523275770280376e-4,NA,NA,-1.1912308098920739,0.0010176961950490366
Pm92_005858,ftsX,transporters,PFLU_5778,-1.0117129403619354,7.037323270914681e-7,NA,NA,NA,NA
Pm92_005931,ssuB,transporters,PFLU_5854,1.1438577354808075,0.02945144653387206,NA,NA,NA,NA
Pm92_005934,ssuA,transporters,PFLU_5857,1.4263050627891214,0.01884170290609098,NA,NA,NA,NA
Pm92_006059,dppA1,transporters,PFLU_5981,-1.1304377556959184,4.599262063988156e-4,NA,NA,NA,NA
NA,NA,transporters,PFLU_1796,NA,NA,NA,NA,NA,NA
NA,NA,transporters,PFLU_0189,NA,NA,NA,NA,NA,NA
NA,NA,transporters,PFLU_0190,NA,NA,NA,NA,NA,NA
NA,NA,transporters,PFLU_0255,NA,NA,NA,NA,NA,NA
NA,NA,transporters,PFLU_0253,NA,NA,NA,NA,NA,NA
NA,NA,transporters,PFLU_0254,NA,NA,NA,NA,NA,NA
NA,NA,transporters,PFLU_2791,NA,NA,NA,NA,NA,NA
NA,NA,transporters,PFLU_3689,NA,NA,NA,NA,NA,NA
NA,NA,transporters,PFLU_4087,NA,NA,NA,NA,NA,NA
NA,NA,transporters,PFLU_3722,NA,NA,NA,NA,NA,NA
NA,NA,transporters,PFLU_0201,NA,NA,NA,NA,NA,NA
NA,NA,transporters,PFLU_3721,NA,NA,NA,NA,NA,NA
NA,NA,transporters,PFLU_3739,NA,NA,NA,NA,NA,NA
NA,NA,transporters,PFLU_0124,NA,NA,NA,NA,NA,NA
NA,NA,transporters,PFLU_5855,NA,NA,NA,NA,NA,NA
NA,NA,transporters,PFLU_0126,NA,NA,NA,NA,NA,NA
NA,NA,transporters,PFLU_0199,NA,NA,NA,NA,NA,NA
NA,NA,transporters,PFLU_2970,NA,NA,NA,NA,NA,NA
NA,NA,transporters,PFLU_2969,NA,NA,NA,NA,NA,NA
NA,NA,transporters,PFLU_5876,NA,NA,NA,NA,NA,NA
NA,NA,transporters,PFLU_0528,NA,NA,NA,NA,NA,NA
NA,NA,transporters,PFLU_5809,NA,NA,NA,NA,NA,NA
NA,NA,transporters,PFLU_5875,NA,NA,NA,NA,NA,NA
NA,NA,transporters,PFLU_5810,NA,NA,NA,NA,NA,NA
NA,NA,transporters,PFLU_5811,NA,NA,NA,NA,NA,NA
NA,NA,transporters,PFLU_6062,NA,NA,NA,NA,NA,NA
NA,NA,transporters,PFLU_5844,NA,NA,NA,NA,NA,NA
NA,NA,transporters,PFLU_5845,NA,NA,NA,NA,NA,NA
NA,NA,transporters,PFLU_3150,NA,NA,NA,NA,NA,NA
NA,NA,transporters,PFLU_3309,NA,NA,NA,NA,NA,NA
NA,NA,transporters,PFLU_5841,NA,NA,NA,NA,NA,NA
NA,NA,transporters,PFLU_5842,NA,NA,NA,NA,NA,NA
NA,NA,transporters,PFLU_5843,NA,NA,NA,NA,NA,NA
NA,NA,transporters,PFLU_0026,NA,NA,NA,NA,NA,NA
NA,NA,transporters,PFLU_1812,NA,NA,NA,NA,NA,NA
NA,NA,transporters,PFLU_2226,NA,NA,NA,NA,NA,NA
NA,NA,transporters,PFLU_4652,NA,NA,NA,NA,NA,NA
NA,NA,transporters,PFLU_5673,NA,NA,NA,NA,NA,NA
NA,NA,transporters,PFLU_0364,NA,NA,NA,NA,NA,NA
NA,NA,transporters,PFLU_2225,NA,NA,NA,NA,NA,NA
NA,NA,transporters,PFLU_0365,NA,NA,NA,NA,NA,NA
NA,NA,transporters,PFLU_5682,NA,NA,NA,NA,NA,NA
NA,NA,transporters,PFLU_0814,NA,NA,NA,NA,NA,NA
NA,NA,transporters,PFLU_0813,NA,NA,NA,NA,NA,NA
NA,NA,transporters,PFLU_0815,NA,NA,NA,NA,NA,NA
NA,NA,transporters,PFLU_2742,NA,NA,NA,NA,NA,NA
NA,NA,transporters,PFLU_2745,NA,NA,NA,NA,NA,NA
NA,NA,transporters,PFLU_2473,NA,NA,NA,NA,NA,NA
NA,NA,transporters,PFLU_2744,NA,NA,NA,NA,NA,NA
NA,NA,transporters,PFLU_0891,NA,NA,NA,NA,NA,NA
NA,NA,transporters,PFLU_0890,NA,NA,NA,NA,NA,NA
NA,NA,transporters,PFLU_0096,NA,NA,NA,NA,NA,NA
NA,NA,transporters,PFLU_0098,NA,NA,NA,NA,NA,NA
NA,NA,transporters,PFLU_0892,NA,NA,NA,NA,NA,NA
NA,NA,transporters,PFLU_0888,NA,NA,NA,NA,NA,NA
NA,NA,transporters,PFLU_0097,NA,NA,NA,NA,NA,NA
NA,NA,transporters,PFLU_4845,NA,NA,NA,NA,NA,NA
NA,NA,transporters,PFLU_3117,NA,NA,NA,NA,NA,NA
NA,NA,transporters,PFLU_4160,NA,NA,NA,NA,NA,NA
NA,NA,transporters,PFLU_3118,NA,NA,NA,NA,NA,NA
NA,NA,transporters,PFLU_4158,NA,NA,NA,NA,NA,NA
NA,NA,transporters,PFLU_3994,NA,NA,NA,NA,NA,NA
NA,NA,transporters,PFLU_0471,NA,NA,NA,NA,NA,NA
NA,NA,transporters,PFLU_4159,NA,NA,NA,NA,NA,NA
NA,NA,transporters,PFLU_3119,NA,NA,NA,NA,NA,NA
NA,NA,transporters,PFLU_3995,NA,NA,NA,NA,NA,NA
NA,NA,transporters,PFLU_4155,NA,NA,NA,NA,NA,NA
NA,NA,transporters,PFLU_2372,NA,NA,NA,NA,NA,NA
NA,NA,transporters,PFLU_2374,NA,NA,NA,NA,NA,NA
NA,NA,transporters,PFLU_2373,NA,NA,NA,NA,NA,NA
NA,NA,transporters,PFLU_4683,NA,NA,NA,NA,NA,NA
NA,NA,transporters,PFLU_2300,NA,NA,NA,NA,NA,NA
NA,NA,transporters,PFLU_2383,NA,NA,NA,NA,NA,NA
NA,NA,transporters,PFLU_2585,NA,NA,NA,NA,NA,NA
NA,NA,transporters,PFLU_2584,NA,NA,NA,NA,NA,NA
NA,NA,transporters,PFLU_3741,NA,NA,NA,NA,NA,NA
NA,NA,transporters,PFLU_3744,NA,NA,NA,NA,NA,NA
NA,NA,transporters,PFLU_3743,NA,NA,NA,NA,NA,NA
NA,NA,transporters,PFLU_3746,NA,NA,NA,NA,NA,NA
NA,NA,transporters,PFLU_3745,NA,NA,NA,NA,NA,NA
NA,NA,transporters,PFLU_6048,NA,NA,NA,NA,NA,NA
NA,NA,transporters,PFLU_3883,NA,NA,NA,NA,NA,NA
NA,NA,transporters,PFLU_6047,NA,NA,NA,NA,NA,NA
NA,NA,transporters,PFLU_3317,NA,NA,NA,NA,NA,NA
NA,NA,transporters,PFLU_6046,NA,NA,NA,NA,NA,NA
NA,NA,transporters,PFLU_3316,NA,NA,NA,NA,NA,NA
NA,NA,transporters,PFLU_6045,NA,NA,NA,NA,NA,NA
NA,NA,transporters,PFLU_3315,NA,NA,NA,NA,NA,NA
NA,NA,transporters,PFLU_1778,NA,NA,NA,NA,NA,NA
NA,NA,transporters,PFLU_1779,NA,NA,NA,NA,NA,NA
NA,NA,transporters,PFLU_0963,NA,NA,NA,NA,NA,NA
NA,NA,transporters,PFLU_1309,NA,NA,NA,NA,NA,NA
NA,NA,transporters,PFLU_1310,NA,NA,NA,NA,NA,NA
NA,NA,transporters,PFLU_1307,NA,NA,NA,NA,NA,NA
NA,NA,transporters,PFLU_1311,NA,NA,NA,NA,NA,NA
NA,NA,transporters,PFLU_1137,NA,NA,NA,NA,NA,NA
NA,NA,transporters,PFLU_1000,NA,NA,NA,NA,NA,NA
NA,NA,transporters,PFLU_1001,NA,NA,NA,NA,NA,NA
NA,NA,transporters,PFLU_1002,NA,NA,NA,NA,NA,NA
NA,NA,transporters,PFLU_1003,NA,NA,NA,NA,NA,NA
NA,NA,transporters,PFLU_0246,NA,NA,NA,NA,NA,NA
NA,NA,transporters,PFLU_5831,NA,NA,NA,NA,NA,NA
NA,NA,transporters,PFLU_4763,NA,NA,NA,NA,NA,NA
NA,NA,transporters,PFLU_4764,NA,NA,NA,NA,NA,NA
NA,NA,transporters,PFLU_4761,NA,NA,NA,NA,NA,NA
NA,NA,transporters,PFLU_0312,NA,NA,NA,NA,NA,NA
NA,NA,transporters,PFLU_3853,NA,NA,NA,NA,NA,NA
NA,NA,transporters,PFLU_0551,NA,NA,NA,NA,NA,NA
NA,NA,transporters,PFLU_1346,NA,NA,NA,NA,NA,NA
NA,NA,transporters,PFLU_3982,NA,NA,NA,NA,NA,NA
NA,NA,transporters,PFLU_2943,NA,NA,NA,NA,NA,NA
NA,NA,transporters,PFLU_3855,NA,NA,NA,NA,NA,NA
NA,NA,transporters,PFLU_3421,NA,NA,NA,NA,NA,NA
NA,NA,transporters,PFLU_0553,NA,NA,NA,NA,NA,NA
NA,NA,transporters,PFLU_1345,NA,NA,NA,NA,NA,NA
NA,NA,transporters,PFLU_3983,NA,NA,NA,NA,NA,NA
NA,NA,transporters,PFLU_0554,NA,NA,NA,NA,NA,NA
NA,NA,transporters,PFLU_1344,NA,NA,NA,NA,NA,NA
NA,NA,transporters,PFLU_3422,NA,NA,NA,NA,NA,NA
NA,NA,transporters,PFLU_3984,NA,NA,NA,NA,NA,NA
NA,NA,transporters,PFLU_3856,NA,NA,NA,NA,NA,NA
NA,NA,transporters,PFLU_3420,NA,NA,NA,NA,NA,NA
NA,NA,transporters,PFLU_0555,NA,NA,NA,NA,NA,NA
NA,NA,transporters,PFLU_1343,NA,NA,NA,NA,NA,NA
NA,NA,transporters,PFLU_3985,NA,NA,NA,NA,NA,NA
NA,NA,transporters,PFLU_0556,NA,NA,NA,NA,NA,NA
NA,NA,transporters,PFLU_1342,NA,NA,NA,NA,NA,NA
NA,NA,transporters,PFLU_3852,NA,NA,NA,NA,NA,NA
NA,NA,transporters,PFLU_3986,NA,NA,NA,NA,NA,NA
NA,NA,transporters,PFLU_0215,NA,NA,NA,NA,NA,NA
NA,NA,transporters,PFLU_0070,NA,NA,NA,NA,NA,NA
NA,NA,transporters,PFLU_0238,NA,NA,NA,NA,NA,NA
NA,NA,transporters,PFLU_0588,NA,NA,NA,NA,NA,NA
NA,NA,transporters,PFLU_0587,NA,NA,NA,NA,NA,NA
NA,NA,transporters,PFLU_0586,NA,NA,NA,NA,NA,NA
NA,NA,transporters,PFLU_0585,NA,NA,NA,NA,NA,NA
NA,NA,transporters,PFLU_0584,NA,NA,NA,NA,NA,NA
NA,NA,transporters,PFLU_0825,NA,NA,NA,NA,NA,NA
NA,NA,transporters,PFLU_0823,NA,NA,NA,NA,NA,NA
NA,NA,transporters,PFLU_0822,NA,NA,NA,NA,NA,NA
NA,NA,transporters,PFLU_0821,NA,NA,NA,NA,NA,NA
NA,NA,transporters,PFLU_2639,NA,NA,NA,NA,NA,NA
NA,NA,transporters,PFLU_2640,NA,NA,NA,NA,NA,NA
NA,NA,transporters,PFLU_2637,NA,NA,NA,NA,NA,NA
NA,NA,transporters,PFLU_4091,NA,NA,NA,NA,NA,NA
NA,NA,transporters,PFLU_4089,NA,NA,NA,NA,NA,NA
NA,NA,transporters,PFLU_4090,NA,NA,NA,NA,NA,NA
NA,NA,transporters,PFLU_4088,NA,NA,NA,NA,NA,NA
NA,NA,transporters,PFLU_5464,NA,NA,NA,NA,NA,NA
NA,NA,transporters,PFLU_0073,NA,NA,NA,NA,NA,NA
NA,NA,transporters,PFLU_1572,NA,NA,NA,NA,NA,NA
NA,NA,transporters,PFLU_1573,NA,NA,NA,NA,NA,NA
NA,NA,transporters,PFLU_1761,NA,NA,NA,NA,NA,NA
NA,NA,transporters,PFLU_1056,NA,NA,NA,NA,NA,NA
NA,NA,transporters,PFLU_0883,NA,NA,NA,NA,NA,NA
NA,NA,transporters,PFLU_5779,NA,NA,NA,NA,NA,NA
NA,NA,transporters,PFLU_0831,NA,NA,NA,NA,NA,NA
Pm92_000226,metQ-2,transporters,PFLU_0215,NA,NA,-1.0069331576749803,1.674137348823065e-4,NA,NA
Pm92_002657,mtlE,transporters,PFLU_2745,NA,NA,-1.2963507535117875,3.919363909831172e-4,NA,NA
NA,NA,transporters,PFLU_0187,NA,NA,NA,NA,NA,NA
NA,NA,transporters,PFLU_0188,NA,NA,NA,NA,NA,NA
NA,NA,transporters,PFLU_5857,NA,NA,NA,NA,NA,NA
NA,NA,transporters,PFLU_4263,NA,NA,NA,NA,NA,NA
NA,NA,transporters,PFLU_3719,NA,NA,NA,NA,NA,NA
NA,NA,transporters,PFLU_2790,NA,NA,NA,NA,NA,NA
NA,NA,transporters,PFLU_0200,NA,NA,NA,NA,NA,NA
NA,NA,transporters,PFLU_3718,NA,NA,NA,NA,NA,NA
NA,NA,transporters,PFLU_5854,NA,NA,NA,NA,NA,NA
NA,NA,transporters,PFLU_2789,NA,NA,NA,NA,NA,NA
NA,NA,transporters,PFLU_0125,NA,NA,NA,NA,NA,NA
NA,NA,transporters,PFLU_3717,NA,NA,NA,NA,NA,NA
NA,NA,transporters,PFLU_2971,NA,NA,NA,NA,NA,NA
NA,NA,transporters,PFLU_1488,NA,NA,NA,NA,NA,NA
NA,NA,transporters,PFLU_0527,NA,NA,NA,NA,NA,NA
NA,NA,transporters,PFLU_1145,NA,NA,NA,NA,NA,NA
NA,NA,transporters,PFLU_2935,NA,NA,NA,NA,NA,NA
NA,NA,transporters,PFLU_0363,NA,NA,NA,NA,NA,NA
NA,NA,transporters,PFLU_2592,NA,NA,NA,NA,NA,NA
NA,NA,transporters,PFLU_5680,NA,NA,NA,NA,NA,NA
NA,NA,transporters,PFLU_5681,NA,NA,NA,NA,NA,NA
NA,NA,transporters,PFLU_0812,NA,NA,NA,NA,NA,NA
NA,NA,transporters,PFLU_2743,NA,NA,NA,NA,NA,NA
NA,NA,transporters,PFLU_0889,NA,NA,NA,NA,NA,NA
NA,NA,transporters,PFLU_3727,NA,NA,NA,NA,NA,NA
NA,NA,transporters,PFLU_3996,NA,NA,NA,NA,NA,NA
NA,NA,transporters,PFLU_2266,NA,NA,NA,NA,NA,NA
NA,NA,transporters,PFLU_0469,NA,NA,NA,NA,NA,NA
NA,NA,transporters,PFLU_3726,NA,NA,NA,NA,NA,NA
NA,NA,transporters,PFLU_3728,NA,NA,NA,NA,NA,NA
NA,NA,transporters,PFLU_4684,NA,NA,NA,NA,NA,NA
NA,NA,transporters,PFLU_4682,NA,NA,NA,NA,NA,NA
NA,NA,transporters,PFLU_2298,NA,NA,NA,NA,NA,NA
NA,NA,transporters,PFLU_2299,NA,NA,NA,NA,NA,NA
NA,NA,transporters,PFLU_2583,NA,NA,NA,NA,NA,NA
NA,NA,transporters,PFLU_3318,NA,NA,NA,NA,NA,NA
NA,NA,transporters,PFLU_1777,NA,NA,NA,NA,NA,NA
NA,NA,transporters,PFLU_1136,NA,NA,NA,NA,NA,NA
NA,NA,transporters,PFLU_5128,NA,NA,NA,NA,NA,NA
NA,NA,transporters,PFLU_0245,NA,NA,NA,NA,NA,NA
NA,NA,transporters,PFLU_0244,NA,NA,NA,NA,NA,NA
NA,NA,transporters,PFLU_4765,NA,NA,NA,NA,NA,NA
NA,NA,transporters,PFLU_0313,NA,NA,NA,NA,NA,NA
NA,NA,transporters,PFLU_0314,NA,NA,NA,NA,NA,NA
NA,NA,transporters,PFLU_3423,NA,NA,NA,NA,NA,NA
NA,NA,transporters,PFLU_3854,NA,NA,NA,NA,NA,NA
NA,NA,transporters,PFLU_0068,NA,NA,NA,NA,NA,NA
NA,NA,transporters,PFLU_0239,NA,NA,NA,NA,NA,NA
NA,NA,transporters,PFLU_0069,NA,NA,NA,NA,NA,NA
NA,NA,transporters,PFLU_0237,NA,NA,NA,NA,NA,NA
NA,NA,transporters,PFLU_0827,NA,NA,NA,NA,NA,NA
NA,NA,transporters,PFLU_5981,NA,NA,NA,NA,NA,NA
NA,NA,transporters,PFLU_0820,NA,NA,NA,NA,NA,NA
NA,NA,transporters,PFLU_0819,NA,NA,NA,NA,NA,NA
NA,NA,transporters,PFLU_2634,NA,NA,NA,NA,NA,NA
NA,NA,transporters,PFLU_2633,NA,NA,NA,NA,NA,NA
NA,NA,transporters,PFLU_2638,NA,NA,NA,NA,NA,NA
NA,NA,transporters,PFLU_2632,NA,NA,NA,NA,NA,NA
NA,NA,transporters,PFLU_2631,NA,NA,NA,NA,NA,NA
NA,NA,transporters,PFLU_2636,NA,NA,NA,NA,NA,NA
NA,NA,transporters,PFLU_0076,NA,NA,NA,NA,NA,NA
NA,NA,transporters,PFLU_2042,NA,NA,NA,NA,NA,NA
NA,NA,transporters,PFLU_0074,NA,NA,NA,NA,NA,NA
NA,NA,transporters,PFLU_2043,NA,NA,NA,NA,NA,NA
NA,NA,transporters,PFLU_1574,NA,NA,NA,NA,NA,NA
NA,NA,transporters,PFLU_1760,NA,NA,NA,NA,NA,NA
NA,NA,transporters,PFLU_1759,NA,NA,NA,NA,NA,NA
NA,NA,transporters,PFLU_1758,NA,NA,NA,NA,NA,NA
NA,NA,transporters,PFLU_1057,NA,NA,NA,NA,NA,NA
NA,NA,transporters,PFLU_5778,NA,NA,NA,NA,NA,NA
NA,NA,transporters,PFLU_0481,NA,NA,NA,NA,NA,NA
NA,NA,transporters,PFLU_4534,NA,NA,NA,NA,NA,NA
NA,NA,transporters,PFLU_5358,NA,NA,NA,NA,NA,NA
NA,NA,transporters,PFLU_3144,NA,NA,NA,NA,NA,NA
NA,NA,transporters,PFLU_2556,NA,NA,NA,NA,NA,NA
NA,NA,transporters,PFLU_3978,NA,NA,NA,NA,NA,NA
NA,NA,transporters,PFLU_3226,NA,NA,NA,NA,NA,NA
NA,NA,transporters,PFLU_2546,NA,NA,NA,NA,NA,NA
NA,NA,transporters,PFLU_3228,NA,NA,NA,NA,NA,NA
Pm92_001417,braC,transporters,PFLU_1346,NA,NA,NA,NA,-1.0130101919237409,3.012071278313572e-5
Pm92_001637,lolC,transporters,PFLU_1572,NA,NA,NA,NA,1.0785854332497138,5.205297065365069e-4
Pm92_002256,xylF,transporters,PFLU_2300,NA,NA,NA,NA,1.469204961586785,0.013679257809478254
Pm92_002337,-,transporters,PFLU_2383,NA,NA,NA,NA,1.779305459597466,0.04064246882751236
Pm92_002420,-,transporters,PFLU_2473,NA,NA,NA,NA,1.9346765301677737,0.02304406001609471
Pm92_002552,yejE,transporters,PFLU_2637,NA,NA,NA,NA,1.2741462706945528,0.02728180520673586
Pm92_003119,potF,transporters,PFLU_3309,NA,NA,NA,NA,-1.0461093477597734,0.03984033478179858
Pm92_003889,fecE,transporters,PFLU_4088,NA,NA,NA,NA,1.7453891673143052,0.02210707089655953
Pm92_005764,choV,transporters,PFLU_5682,NA,NA,NA,NA,1.0524799689612345,0.0190400286722299
NA,NA,transporters,PFLU_4843,NA,NA,NA,NA,NA,NA
NA,NA,transporters,PFLU_4844,NA,NA,NA,NA,NA,NA
NA,NA,transporters,PFLU_1138,NA,NA,NA,NA,NA,NA
NA,NA,transporters,PFLU_0311,NA,NA,NA,NA,NA,NA
